,id,title,label,annotator,Q1.1,Q1.2,Q1.3.1,Q1.4,Q1.5,Q1.6,Q1.7,Q2.8,Q2.9.1,Q2.10,Q1.3_1,Q1.3_2,Q1.3_3,Q1.3_4,Q1.3_5,Q1.3_6,Q1.3_7,Q1.3_8,Q1.3_9,Q1.7.1_0,Q1.7.1_1,Q1.7.1_2,Q1.7.1_3,Q1.7.1_4,Q1.7.1_5,Q1.7.1_6,Q1.7.1_7,Q1.7.1_8,Q1.7.1_9,Q1.7.1_10,Q1.7.1_11,Q1.7.1_12,Q1.3_aggregated,Q1.7.1_aggregated
0,18d71db7-f362-46fa-953e-d8353c7f7232,Coronavirus| nuove regole: al tavolo al ristorante in più di 4,Group 2,Manuel,1,2,-1,2,4,4,1,1,2,2,-1,-1,1,-1,-1,-1,-1,-1,-1,-1,-1,-1,-1,-1,-1,-1,-1,-1,-1,-1,-1,-1,-7,-13
4,34b92f4c-32db-454c-a369-ca2032443f6c,Le borsette fatte a 3 euro l'ora vendute a 820 euro: e gli industriali in silenzio,Group 1,Manuel,2,3,-1,1,3,2,2,3,1,1,-1,-1,1,-1,-1,-1,-1,-1,-1,-1,-1,-1,-1,-1,-1,-1,-1,-1,-1,-1,1,-1,-7,-11
10,1e96c067-412e-4a93-9dc3-2838ef233942,Caso Ciro Grillo| i video e quella telefonata rivelatrice: «Dai| mandali anche a me. Solo io non li ho visti»,Group 1,Manuel,1,3,2,2,4,4,1,1,1,1,1,-1,-1,1,-1,-1,-1,-1,-1,-1,-1,-1,-1,-1,-1,-1,-1,-1,-1,-1,-1,-1,-5,-13
12,0c834cb0-392a-4a5e-948f-237a2c8bef31,La madre della neonata salvata in mare: «Chiedo solo di essere accolta»,Group 2,Manuel,2,3,2,2,3,2,2,3,2,2,-1,-1,-1,1,-1,-1,-1,-1,1,-1,-1,-1,-1,-1,-1,-1,-1,-1,-1,-1,1,-1,-5,-11
14,184a4635-a693-4ccd-af1a-143455c391e1,Finanziaria: almeno 150 milioni nella variazione di fine giugno,Group 2,Manuel,1,4,-1,2,4,4,1,1,2,1,-1,-1,1,-1,-1,-1,-1,-1,-1,-1,-1,-1,-1,-1,-1,-1,-1,-1,-1,-1,-1,-1,-7,-13
16,1ad53ecb-251d-4b3f-bbb1-22a38e4c398a,Istituto Mattei| i vincitori del concorso letterario “Il mondo che vorrei”,Group 1,Manuel,1,4,-1,1,4,4,1,1,2,2,1,-1,-1,-1,-1,-1,-1,-1,-1,-1,-1,-1,-1,-1,-1,-1,-1,-1,-1,-1,-1,-1,-7,-13
18,1a67cbd3-4924-485c-86db-ac1127de77fb,Farini| la proposta: “Rimborsi da 400 euro per le famiglie delle vittime da Covid”,Group 2,Manuel,1,4,1,2,4,4,1,1,2,1,1,-1,1,1,-1,-1,-1,-1,-1,-1,-1,-1,-1,-1,-1,-1,-1,-1,-1,-1,-1,-1,-3,-13
21,159be2e0-51ad-4cc7-a80c-39c6dac7de9f,Il centrodestra ha fatto un nuovo tentativo di ostruzionismo sul ddl Zan,Group 2,Manuel,1,3,-1,1,3,4,2,1,2,2,1,-1,-1,-1,-1,-1,-1,-1,-1,-1,-1,-1,-1,-1,-1,-1,-1,-1,-1,-1,-1,1,-7,-11
25,0f9cabe5-0f68-4f60-a7e6-13a5ebee963f,Ferrara. Il fondo non autosufficienza torna a crescere dopo i tagli,Group 2,Manuel,1,4,-1,2,3,4,1,1,1,1,1,-1,-1,-1,-1,-1,-1,-1,-1,-1,-1,-1,-1,-1,-1,-1,-1,-1,-1,-1,-1,-1,-7,-13
27,38bcdcc3-2ab4-4b1e-91be-41294caf0138,Colori regioni| nuovi parametri: ridotto il rischio di chiusure in estate,Group 1,Manuel,1,4,-1,2,4,4,1,3,2,2,-1,-1,1,-1,-1,-1,-1,-1,-1,-1,-1,-1,-1,-1,-1,-1,-1,-1,-1,-1,-1,-1,-7,-13
29,1fcb4749-889c-4e72-bc82-9fac7cb6dd3d,Letta dovrebbe temere più il voto a Bologna che a Roma,Group 1,Manuel,2,4,-1,1,4,4,2,3,2,2,1,-1,-1,-1,-1,-1,-1,-1,-1,-1,-1,-1,-1,-1,-1,-1,-1,-1,-1,-1,-1,1,-7,-11
31,36b6adb6-b2b3-451b-bb03-4721baa3b1ed,Eurispes: c’è chi millanta invasione stranieri. I dati sconfessano chi invoca la paura,Group 1,Manuel,2,3,1,1,3,4,1,1,1,1,1,-1,1,-1,-1,-1,-1,-1,1,-1,-1,-1,-1,-1,-1,-1,-1,-1,-1,-1,-1,-1,-3,-13
34,10ee10e9-f467-4a5a-8d39-c2105ab56ef4,Ladri in azione a Podenzano e Suzzano| un residente li insegue nei campi,Group 1,Manuel,1,2,-1,2,4,2,1,1,2,2,1,-1,-1,-1,-1,-1,-1,-1,1,-1,-1,-1,-1,-1,-1,-1,-1,-1,-1,-1,-1,-1,-5,-13
36,06544b4c-b074-4807-ab37-64bd5dd0ae77,LA MELONI CRESCE ANCORA (18|9%).IL PD AD UN PUNTO DALLA LEGA| ED IL M5S ARRETRA,Group 1,Manuel,3,3,1,1,4,4,1,1,1,2,1,-1,-1,-1,1,-1,-1,-1,-1,-1,-1,-1,-1,-1,-1,-1,-1,-1,-1,-1,-1,-1,-5,-13
38,1d90a647-0871-4be6-87f7-61c862d68494,Vaccini in Puglia| trasferite a Bari dalla Sicilia 50mila dosi AstraZeneca,Group 1,Manuel,1,4,-1,2,4,4,1,1,2,2,1,-1,-1,-1,-1,-1,-1,-1,-1,-1,-1,-1,-1,-1,-1,-1,-1,-1,-1,-1,-1,-1,-7,-13
42,21116fc0-1864-4dd8-8799-8bf9c4a56abc,Covid Ferrara: ecco il nuovo piano dei controlli,Group 2,Manuel,1,3,-1,2,4,4,1,3,2,1,1,-1,1,-1,-1,-1,-1,-1,-1,-1,-1,-1,-1,-1,-1,-1,-1,-1,-1,-1,-1,-1,-5,-13
44,11a8df48-f6eb-402a-87a8-52887d5d6fc0,Iniziati i lavori di restauro del frontale del tribunale di Isernia,Group 2,Manuel,1,4,-1,2,4,4,1,1,2,2,1,-1,-1,-1,-1,-1,-1,-1,-1,-1,-1,-1,-1,-1,-1,-1,-1,-1,-1,-1,-1,-1,-7,-13
46,23bae5d9-64ee-46b3-b479-ebd24f5f4a98,Natalità. Assegni generosi| congedi e servizi. Così in Europa si sostengono le famiglie,Group 1,Manuel,3,4,-1,2,4,4,1,3,1,1,-1,-1,-1,-1,-1,-1,-1,-1,-1,-1,-1,-1,-1,-1,-1,-1,-1,-1,-1,-1,-1,-1,-9,-13
48,12baea85-b2f4-4537-a180-9201425bfadb,Coronavirus| il dato di oggi sui decessi (44) è il più basso da oltre sette mesi,Group 2,Manuel,1,4,-1,2,3,4,1,3,2,2,-1,-1,-1,-1,-1,-1,-1,-1,-1,-1,-1,-1,-1,-1,-1,-1,-1,-1,-1,-1,-1,-1,-9,-13
50,335df7a1-36af-425a-886f-379c632b4836,Vaccini| due terzi di fiale AstraZeneca nei frigo. Il viceministro della Salute Sileri contro Aifa: “Un mese fa chiesi di cambiare| zero risposte”,Group 1,Manuel,1,4,1,1,3,3,2,3,2,2,1,-1,1,1,-1,-1,-1,-1,-1,-1,-1,-1,-1,-1,-1,-1,-1,-1,-1,-1,1,-1,-3,-11
55,279a8766-5c62-4f9a-954d-6299fcae9702,Automobilisti italiani indisciplinati: bella novità,Group 2,Manuel,2,2,-1,1,2,2,2,3,1,1,-1,-1,1,-1,-1,-1,-1,-1,1,-1,-1,-1,-1,-1,-1,1,-1,-1,-1,-1,-1,-1,-5,-11
57,1439c512-874e-42ea-a605-572b9486c163,Scuola. «Il decreto Sostegni bis del governo Draghi deve guardare anche alla paritarie»,Group 1,Manuel,1,3,1,2,3,4,1,3,2,2,-1,-1,-1,1,-1,-1,-1,-1,1,-1,-1,-1,-1,-1,-1,-1,-1,-1,-1,-1,-1,-1,-5,-13
63,3c55c68b-f091-435a-98f1-ae6d93a8e939,Così i Querdenken possono destabilizzare la Germania,Group 2,Manuel,1,3,-1,1,4,4,1,3,1,1,1,-1,-1,-1,-1,-1,-1,1,-1,-1,-1,-1,-1,-1,-1,-1,-1,-1,-1,-1,-1,-1,-5,-13
66,1481deaf-f753-4e49-84e4-b16c57e15031,Forlì| guasto al freezer: 800 dosi di vaccino Moderna da buttare,Group 1,Manuel,1,4,-1,2,4,4,1,3,2,2,1,-1,1,-1,-1,-1,-1,-1,-1,-1,-1,-1,-1,-1,-1,-1,-1,-1,-1,-1,-1,-1,-5,-13
68,378b3ae6-a281-429e-a5c7-1ee2f060ff6f,"Da Narcao all'Antartide: ""In viaggio a passo d'uomo con 40 gradi sottozero""",Group 1,Manuel,3,3,-1,1,4,4,1,3,1,1,-1,-1,1,-1,-1,-1,-1,-1,-1,-1,-1,-1,-1,-1,-1,-1,-1,-1,-1,-1,-1,-1,-7,-13
70,3a3eb262-dba1-475f-b524-b9be52ba01e2,Tumore al seno: i dubbi sui prodotti per capelli,Group 2,Manuel,3,3,-1,1,4,4,1,3,1,1,-1,-1,1,-1,-1,-1,-1,-1,-1,-1,-1,-1,-1,-1,-1,-1,-1,-1,-1,-1,-1,-1,-7,-13
74,2517c14e-2d23-481c-aa05-5504cad1955c,James Senese torna con un nuovo disco: «James is back»,Group 2,Manuel,4,3,-1,1,4,4,1,3,2,1,1,-1,1,-1,-1,-1,-1,-1,-1,-1,-1,-1,-1,-1,-1,-1,-1,-1,-1,-1,-1,-1,-5,-13
75,00c56f5e-e069-43b8-b8e8-1f14e4d188c5,Ufo| i rottami nascosti dal Pentagono: la conferma della Dia dopo le rivelazioni di DeLonge| ex Blink-182. I metamateriali,Group 1,Manuel,3,3,-1,1,2,2,1,3,1,1,1,-1,1,-1,-1,-1,-1,-1,-1,-1,-1,-1,-1,-1,-1,-1,-1,-1,-1,-1,-1,-1,-5,-13
79,2c2f3cd4-b034-4189-b8ef-213a66fa4b52,Emergenza covid| sindaca leghista arrestata: aiuti alimentari sottratti alle famiglie bisognose- Corriere.it,Group 1,Manuel,1,4,-1,2,4,4,1,3,2,2,-1,-1,1,-1,-1,-1,-1,-1,-1,-1,-1,-1,-1,-1,-1,-1,-1,-1,-1,-1,-1,-1,-7,-13
84,0e47375c-770b-482c-b6db-fe12eb8af782,Mario Della Cioppa nuovo questore di Roma,Group 2,Manuel,1,4,-1,1,4,4,1,1,2,2,1,-1,-1,-1,-1,-1,-1,-1,-1,-1,-1,-1,-1,-1,-1,-1,-1,-1,-1,-1,-1,-1,-7,-13
88,411395c0-692a-4b68-9139-cd62bcadab3a,AL VIA L’EDIZIONE 2021 DI “TENNIS &FRIENDS” AL FORO ITALICO DI ROMA,Group 2,Manuel,5,3,-1,2,4,4,1,1,2,1,1,-1,-1,-1,1,-1,-1,-1,-1,-1,-1,-1,-1,-1,-1,-1,-1,-1,-1,-1,-1,-1,-5,-13
89,402a487e-9dd6-45e2-a1b3-4819d24f6464,Giornalista: “In Francia gente ammazzata tutti i giorni per via dell’immigrazione incontrollata”,Group 2,Manuel,2,3,-1,1,1,1,2,1,2,2,1,-1,1,-1,-1,-1,-1,-1,1,-1,-1,-1,-1,-1,-1,1,-1,-1,-1,-1,-1,-1,-3,-11
91,0ec8b1da-014f-418f-bd33-cb8159d705d4,Rider| approvata in Toscana la prima legge a tutela dei lavoratori,Group 2,Manuel,1,4,-1,2,4,4,1,1,1,2,1,-1,-1,-1,-1,-1,-1,-1,-1,-1,-1,-1,-1,-1,-1,-1,-1,-1,-1,-1,-1,-1,-7,-13
95,3b09cd47-b33c-4b83-a07a-c296a878412f,«Conte| la verità è un’altra: l’Inter non lo voleva più. Pirlo? Anno fallimentare»,Group 2,Manuel,3,3,1,1,4,4,1,3,1,2,1,-1,1,1,-1,-1,-1,-1,-1,-1,-1,-1,-1,-1,-1,-1,-1,-1,-1,-1,-1,-1,-3,-13
101,3d619611-2488-4a31-b48d-11fa954b64b9,"Medio Oriente| l'esercito israeliano attacca Gaza con aviazione e carri armati. Netanyahu: ""Andremo avanti per tutto il tempo necessario""",Group 1,Manuel,1,3,2,2,4,4,1,3,2,2,1,-1,1,1,-1,-1,-1,-1,-1,-1,-1,-1,-1,-1,-1,-1,-1,-1,-1,-1,-1,-1,-3,-13
105,14449e38-aa1b-40a3-92e7-a5e8bee33cdf,Efe Bal boccia il Ddl Zan: “Io| trans| dico che è una legge stupida e inutile”,Group 2,Manuel,3,3,2,1,2,2,2,3,2,2,1,-1,1,1,-1,-1,-1,-1,1,-1,-1,-1,-1,-1,-1,-1,-1,-1,-1,-1,1,-1,-1,-11
106,471a8cca-99c4-41eb-92d8-a077e3a90bee,Settanta somali occupano il ponte a Firenze: “Restiamo qui finché non ci darete la casa”,Group 2,Manuel,2,2,1,2,2,2,2,1,1,1,1,-1,1,1,-1,-1,-1,-1,1,-1,-1,-1,-1,-1,1,-1,-1,-1,-1,-1,-1,-1,-1,-11
110,2b69602b-dd5c-4eb7-b380-7eaf1e1ce3b0,(L’equivoco del)La biodiversità,Group 2,Manuel,5,2,-1,1,3,4,1,2,1,1,-1,-1,-1,-1,-1,-1,-1,-1,-1,-1,-1,-1,-1,-1,-1,-1,-1,-1,-1,-1,-1,-1,-9,-13
112,47970d6e-a9e8-4eba-b589-35dc3158d5b3,Covid| specializzanda del Policlinico di Bari: «Ho vaccinato il mio papà| paziente fragile»,Group 2,Manuel,1,4,2,1,4,4,1,1,1,2,1,-1,1,1,-1,-1,-1,-1,-1,-1,-1,-1,-1,-1,-1,-1,-1,-1,-1,-1,-1,-1,-3,-13
113,579677f8-35e4-4408-8bd7-e0e0f2b3a0cb,La Maddalena Covid free: il 5 e 6 giugno seconda dose per 3.847 residenti,Group 2,Manuel,1,4,-1,2,4,4,1,1,2,1,1,-1,1,-1,-1,-1,-1,-1,-1,-1,-1,-1,-1,-1,-1,-1,-1,-1,-1,-1,-1,-1,-5,-13
115,f56feb77-1618-4608-8f04-da95bfb2bfce,Israele bombarda 150 obiettivi di Hamas. Era la rete di tunnel sotterranei,Group 1,Manuel,1,3,-1,2,4,4,1,1,2,2,1,-1,-1,-1,-1,-1,-1,-1,-1,-1,-1,-1,-1,-1,-1,-1,-1,-1,-1,-1,-1,-1,-7,-13
119,f33aa36c-466d-4d2f-991c-f88591963de8,Il Papa istituisce il ministero del catechista,Group 1,Manuel,1,3,-1,2,4,4,1,3,2,2,-1,-1,-1,-1,-1,-1,-1,-1,-1,-1,-1,-1,-1,-1,-1,-1,-1,-1,-1,-1,-1,-1,-9,-13
121,ecafbf5e-2d47-47aa-ab11-dd5002a2f76d,Disastro del reddito 5S. Bar e ristoranti rovinati: nessuno vuole lavorare,Group 1,Manuel,2,3,-1,2,3,3,2,3,1,1,1,-1,1,-1,-1,-1,-1,-1,1,-1,-1,-1,-1,-1,-1,-1,-1,-1,-1,-1,1,-1,-3,-11
124,77644ccb-2ba6-46db-abea-6d81e09ed5af,Matera| in casa marijuana e piante di canapa: arrestato,Group 2,Manuel,1,4,-1,2,4,4,1,1,2,2,1,-1,1,-1,-1,-1,-1,-1,-1,-1,-1,-1,-1,-1,-1,-1,-1,-1,-1,-1,-1,-1,-5,-13
126,bf045e75-fc2d-40c8-8b3d-10d5b398cf78,Usini resta covid-free| successo per le vaccinazioni nel Meilogu,Group 2,Manuel,1,4,-1,2,4,4,1,3,2,2,1,-1,-1,-1,-1,-1,-1,-1,-1,-1,-1,-1,-1,-1,-1,-1,-1,-1,-1,-1,-1,-1,-7,-13
128,489cd5fe-c6c4-46a5-af3c-57bb040756bd,Cuneo: rifiutano di vaccinarsi| due operatrici di una Rsa in ferie forzate,Group 2,Manuel,1,4,-1,1,4,4,1,3,2,2,1,-1,1,-1,-1,-1,-1,-1,-1,-1,-1,-1,-1,-1,-1,-1,-1,-1,-1,-1,-1,-1,-5,-13
130,663ddce0-6b5b-4372-8408-bafaf89b3642,Svuotamento diga di Boschi| schiuma e melma sui fondali. Enel: “Tutto nella norma”,Group 2,Manuel,1,3,1,2,3,4,1,1,2,2,1,-1,1,-1,-1,-1,-1,-1,1,-1,-1,-1,-1,-1,-1,-1,-1,-1,-1,-1,-1,-1,-3,-13
134,efe3c13b-bb99-4cef-9ea2-0bf394b7549c,Covid| prosegue il trend positivo. Le mascherine al ristorante? Bassetti: «Ci copriamo di ridicolo»,Group 2,Manuel,1,4,2,1,3,4,1,3,2,2,1,1,1,1,-1,-1,-1,-1,1,-1,-1,-1,-1,-1,-1,-1,-1,-1,-1,-1,-1,-1,1,-13
136,47ebb569-b80a-4a6d-9f20-8c1a92f36c48,Coronavirus| cresce l’allerta in Giappone: stato di emergenza in altre tre prefetture. Australia| nuovi dati sui casi di trombosi,Group 1,Manuel,1,4,-1,2,4,4,1,1,2,2,1,-1,1,-1,-1,-1,-1,-1,-1,-1,-1,-1,-1,-1,-1,-1,-1,-1,-1,-1,-1,-1,-5,-13
142,f72a942d-c56e-427a-a200-43f395291fec,"AstraZeneca| in Germania è ""assalto"" al vaccino anglo-svedese: «Dosi non più sufficienti»",Group 1,Manuel,1,4,1,1,4,4,1,1,2,2,1,-1,1,1,-1,-1,-1,-1,-1,-1,-1,-1,-1,-1,-1,-1,-1,-1,-1,-1,-1,-1,-3,-13
144,c0093d33-ac00-44c3-9616-286506ce87c0,La sanità del futuro parte dal territorio,Group 2,Manuel,2,2,-1,1,4,3,1,3,1,2,-1,-1,-1,-1,-1,-1,-1,-1,-1,-1,-1,-1,-1,-1,-1,-1,-1,-1,-1,-1,-1,-1,-9,-13
146,82adba9a-4c8c-42ca-9be8-73d9521349e1,"Variante Delta| primi sintomi diversi: ""Serve molta prudenza""",Group 1,Manuel,3,4,-1,2,4,4,1,1,1,2,-1,-1,1,-1,-1,-1,-1,-1,-1,-1,-1,-1,-1,-1,-1,-1,-1,-1,-1,-1,-1,-1,-7,-13
148,a2947153-6e7e-41c4-9b08-2386870661f3,Spilamberto| scontro frontale tra due tir: morto uno dei due conducenti. L'altro arrestao per omicidio stradale,Group 1,Manuel,1,4,-1,2,4,4,1,1,2,2,1,-1,1,-1,-1,-1,-1,-1,-1,-1,-1,-1,-1,-1,-1,-1,-1,-1,-1,-1,-1,-1,-5,-13
154,aa3f5101-f028-4a4d-8491-407298431a7e,Reddito di cittadinanza| in arrivo il pagamento di gennaio ma c'è chi ha già ottenuto l'accredito,Group 1,Manuel,1,2,-1,2,3,3,1,1,2,1,-1,-1,-1,-1,-1,-1,-1,-1,1,-1,-1,-1,-1,-1,-1,-1,-1,-1,-1,-1,-1,-1,-7,-13
155,bfa90c78-38f5-42d6-9297-6f15649334e9,Pandemia Covid| Ilaria Capua: «Ne arriverà un'altra| ma c'è tempo per invertire la rotta»,Group 1,Manuel,3,2,1,1,3,4,1,3,1,1,1,-1,1,1,-1,-1,-1,-1,-1,-1,-1,-1,-1,-1,-1,-1,-1,-1,-1,-1,-1,-1,-3,-13
157,e12996b0-f859-4d54-9541-b94711319455,Liscia o gassata: installato a Borgonovo il distributore gratuito di acqua pubblica,Group 2,Manuel,1,4,-1,2,4,4,1,1,1,2,1,-1,1,-1,-1,-1,-1,-1,-1,-1,-1,-1,-1,-1,-1,-1,-1,-1,-1,-1,-1,-1,-5,-13
159,ab6bf492-cf58-45d2-bdcc-00a9314cec73,Variante Delta Bologna: anticipo richiamo AstraZeneca per gli over 60,Group 1,Manuel,1,4,-1,2,4,4,1,3,2,1,1,-1,1,-1,-1,-1,-1,-1,-1,-1,-1,-1,-1,-1,-1,-1,-1,-1,-1,-1,-1,-1,-5,-13
165,a404036f-c55b-4fed-a533-4f27ee7b0920,I mozziconi di cinquantuno sigarette portano al Dna dei sicari,Group 1,Manuel,3,3,-1,1,4,4,1,3,2,1,-1,-1,-1,-1,-1,-1,-1,-1,-1,-1,-1,-1,-1,-1,-1,-1,-1,-1,-1,-1,-1,-1,-9,-13
167,72fad9da-6848-4622-a4da-b10982d7ed0b,Covid-19| il dramma di Fiordaliso: «Morta mia madre| io e papà ce l'abbiamo fatta»,Group 1,Manuel,3,4,2,2,4,3,1,1,1,2,1,-1,1,1,-1,-1,-1,-1,-1,-1,-1,-1,-1,-1,-1,-1,-1,-1,-1,-1,-1,-1,-3,-13
171,52f8853b-4602-416b-80b4-a856f7024724,È positivo ma riceve i clienti in ufficio e va a far la spesa: arrestato assicuratore catanese,Group 1,Manuel,1,4,-1,2,4,4,1,1,2,2,-1,-1,1,-1,-1,-1,-1,-1,1,-1,-1,-1,-1,-1,-1,-1,-1,-1,-1,-1,-1,-1,-5,-13
175,9a06e858-2f15-46e8-a769-5e21a9e49992,Giulio Berruti all’Isola dei Famosi 2021? “La proposta di matrimonio a Maria Elena Boschi potrebbe arrivare proprio in diretta tv”,Group 1,Manuel,5,2,2,2,2,4,1,3,1,1,1,1,-1,-1,-1,-1,-1,-1,-1,-1,-1,-1,-1,-1,-1,-1,-1,-1,-1,-1,-1,-1,-5,-13
177,e69d9cc0-47ed-49e5-8136-4353468586b3,Covid e flirt estivi| il virologo Pregliasco: “Sono pericolosissimi. Ma con il tampone…”,Group 2,Manuel,3,4,1,1,4,4,1,1,1,2,1,-1,1,1,-1,-1,-1,-1,-1,-1,-1,-1,-1,-1,-1,-1,-1,-1,-1,-1,-1,-1,-3,-13
179,50949429-a643-421e-a7ae-edb78fe8f0ab,Cvc conquista la multinazionale della consulenza Bip,Group 2,Manuel,1,3,-1,2,4,4,1,3,2,2,-1,-1,-1,-1,-1,-1,-1,-1,-1,-1,-1,-1,-1,-1,-1,-1,-1,-1,-1,-1,-1,-1,-9,-13
183,7442ab45-1df3-4cf0-8237-391c079162d4,Sequestra due 13enni e le violenta per una notte: in cella operaio di 45 anni,Group 1,Manuel,1,3,-1,2,3,4,1,1,1,2,-1,-1,1,-1,-1,-1,-1,-1,1,-1,-1,-1,-1,-1,-1,-1,-1,-1,-1,-1,-1,-1,-5,-13
185,5822cef8-98a9-426b-9286-c63f9bdbd890,Il catcalling dovrebbe essere reato,Group 1,Manuel,3,2,-1,1,3,3,2,3,1,2,-1,-1,-1,-1,-1,-1,-1,-1,-1,-1,-1,-1,-1,-1,-1,-1,-1,-1,-1,-1,-1,1,-9,-11
187,87671194-edf8-411a-9d28-3c49c4e1471c,Palestina| Letta nella bufera: «Troppo di parte| non ti voto più»,Group 1,Manuel,1,3,1,1,3,3,2,3,2,2,1,-1,1,1,-1,-1,-1,-1,1,-1,-1,-1,-1,-1,-1,-1,-1,-1,-1,-1,-1,1,-1,-11
189,f35f6598-f230-4d0f-9c53-cb48a278f30a,Usa| i vaccinati possono tornare alla normale. Stop a distanziamento e mascherina,Group 1,Manuel,1,4,-1,1,2,2,1,1,2,2,-1,-1,-1,-1,-1,-1,-1,-1,-1,-1,-1,-1,-1,-1,-1,-1,-1,-1,-1,-1,-1,-1,-9,-13
195,f7e4de19-4f65-4e52-9aab-36afa0b96bdc,Vaccini in vacanza: dalla Toscana alla Sardegna| a che punto sono le regioni con più turisti estivi,Group 1,Manuel,1,4,-1,2,4,4,1,3,2,2,1,-1,1,-1,-1,-1,-1,-1,-1,-1,-1,-1,-1,-1,-1,-1,-1,-1,-1,-1,-1,-1,-5,-13
198,874d6550-16ab-4ea0-a139-b9bf606622e9,Per i catechisti un salto di qualità. La Cei lancia una consultazione in Italia,Group 1,Manuel,3,4,-1,1,4,4,1,3,2,2,1,-1,-1,-1,-1,-1,-1,-1,-1,-1,-1,-1,-1,-1,-1,-1,-1,-1,-1,-1,-1,-1,-7,-13
200,75c7a384-1cf2-404d-b164-8a4f74d0c16c,Vaccini| è l’ora degli over 40. Lombardia| dal 2 giugno tocca agli under 30,Group 1,Manuel,1,4,-1,2,4,4,1,3,2,2,1,-1,-1,-1,-1,-1,-1,-1,-1,-1,-1,-1,-1,-1,-1,-1,-1,-1,-1,-1,-1,-1,-7,-13
202,481b4c62-4531-438b-845c-8844d0fd48c3,Emanuele| figlio del cassiere di un clan mafioso| ucciso a Palermo a 26 anni a colpi di pistola al mercato della Vucciria: indagini in corso,Group 2,Manuel,1,4,-1,2,3,4,1,1,2,2,1,-1,1,-1,-1,-1,-1,-1,-1,-1,-1,-1,-1,-1,-1,-1,-1,-1,-1,-1,-1,-1,-5,-13
206,50f01f08-8681-4e9f-a6b4-174587ffae2e,Scandalo concerie| colpo di scena al tavolo di distretto: la sindaca di Santa Croce lascia il ruolo di coordinatrice,Group 2,Manuel,1,3,-1,2,4,4,1,1,2,2,1,-1,1,-1,-1,-1,-1,-1,-1,-1,-1,-1,-1,-1,-1,-1,-1,-1,-1,-1,-1,-1,-5,-13
209,7759caf8-f8af-49e7-b25f-2c5672996939,Tutto sull'operazione “salviamo l'estate”,Group 2,Manuel,1,3,-1,1,3,4,2,3,1,1,-1,-1,-1,-1,-1,-1,-1,-1,-1,-1,-1,-1,-1,-1,-1,-1,-1,-1,-1,-1,-1,-1,-9,-13
211,ad170310-dae8-4616-90fa-8817e32bb699,"A Cassaro 100% di vaccinati: è il primo Comune siciliano ""covid free""",Group 2,Manuel,1,4,-1,1,4,4,1,1,2,2,1,-1,1,-1,-1,-1,-1,-1,-1,-1,-1,-1,-1,-1,-1,-1,-1,-1,-1,-1,-1,-1,-5,-13
217,5696c6fa-df71-4c4f-9ba6-6b584218f738,"Direzione Pd| Letta: ""La reazione di Israele oltre la legittima difesa"". D'Alema: ""Lui accanto a Salvini| qualcosa non funziona""",Group 1,Manuel,3,4,2,1,4,4,1,1,2,2,1,-1,1,1,-1,-1,-1,-1,-1,-1,-1,-1,-1,-1,-1,-1,-1,-1,-1,-1,-1,-1,-3,-13
219,bf65ccac-0503-4e2b-838b-5e0ffd211788,Un silenzio complice dell’orrore,Group 1,Manuel,2,1,-1,1,3,2,2,3,1,2,-1,-1,-1,-1,-1,-1,-1,-1,-1,-1,-1,-1,-1,-1,-1,-1,-1,-1,-1,-1,-1,1,-9,-11
220,7b56363c-24cc-47f7-ac27-efbc2722f81d,Tutti pazzi per le Atp di tennis| già prenotati oltre 60mila posti | il 20 per cento dall'estero,Group 1,Manuel,1,4,-1,2,4,4,1,3,2,1,-1,-1,-1,-1,-1,-1,-1,-1,-1,-1,-1,-1,-1,-1,-1,-1,-1,-1,-1,-1,-1,-1,-9,-13
222,e8d55156-ccb9-40f1-8940-2acbf8888b3c,Val Trebbia| agricoltori esasperati alla Regione: “Troppi danni dagli animali”,Group 1,Manuel,1,4,1,1,3,3,1,3,1,2,1,-1,1,1,-1,-1,-1,-1,1,-1,-1,-1,-1,-1,-1,-1,-1,-1,-1,-1,-1,-1,-1,-13
224,abe99528-6405-4ebb-9b2f-2e76fb08ac53,Anche le Carresi inseguono la Zona Bianca,Group 2,Manuel,5,2,-1,1,4,4,1,1,2,2,-1,-1,-1,-1,-1,-1,-1,-1,-1,-1,-1,-1,-1,-1,-1,-1,-1,-1,-1,-1,-1,-1,-9,-13
228,ae56883f-1033-44e1-8f06-5e2269ecb793,«Se sono ubriaca e ci provi| non è un gesto d'amore». «E se sono sbronzo anch'io?»: il sesso dei ventenni all'epoca del caso Ciro Grillo,Group 2,Manuel,3,2,1,1,4,4,1,3,1,1,1,-1,1,1,-1,-1,-1,-1,1,-1,-1,-1,-1,-1,-1,-1,-1,-1,-1,-1,-1,-1,-1,-13
230,93194c84-8aee-4cad-8b19-1c825705e5c3,Clubhouse è durato poco| sembra,Group 2,Manuel,2,3,-1,1,4,4,1,1,1,1,1,-1,-1,-1,-1,-1,-1,-1,-1,-1,-1,-1,-1,-1,-1,-1,-1,-1,-1,-1,-1,-1,-7,-13
232,d9fdc783-561b-4877-9039-8378a076b0f0,Post contro la Meloni| il prof fa il martire: “Avete aggredito la ricerca…”. Giorgia risponde per le rime,Group 2,Manuel,2,2,1,1,2,2,2,3,1,2,1,-1,1,1,-1,-1,-1,-1,1,-1,-1,-1,-1,-1,-1,-1,-1,-1,-1,-1,-1,1,-1,-11
233,6bd7f24d-0415-4c52-8fb2-878bb0b715d5,Positivi a spasso o sul bus| troppi siciliani indisciplinati: Musumeci chiede più controlli per evitare il lockdown,Group 1,Manuel,1,3,-1,1,2,3,1,1,1,1,1,-1,1,-1,-1,-1,-1,-1,-1,-1,-1,-1,-1,-1,-1,-1,-1,-1,-1,-1,-1,-1,-5,-13
235,8555cd97-f488-4963-866f-4b2d51ed2723,Monopoli| negozio vendeva centinaia di mascherine FFP2 non conformi: denunce,Group 1,Manuel,1,4,-1,2,4,4,1,1,2,2,1,-1,1,-1,-1,-1,-1,-1,-1,-1,-1,-1,-1,-1,-1,-1,-1,-1,-1,-1,-1,-1,-5,-13
237,d845efed-a52e-4a06-9a0d-c0530f7688f8,C'è il green pass| ma non i controlli: viaggio ai confini del Fvg tra frontiere sguarnite e rischio varianti,Group 1,Manuel,1,4,-1,1,3,4,1,3,2,2,1,-1,1,-1,-1,-1,-1,-1,-1,-1,-1,-1,-1,-1,-1,-1,-1,-1,-1,-1,-1,-1,-5,-13
241,b1b2f04b-6c03-4345-b9ec-8f5b6ff79845,Zona bianca| domande e risposte: cosa si può fare dal 31 maggio,Group 2,Manuel,1,4,-1,2,4,4,1,3,2,1,-1,-1,1,-1,-1,-1,-1,-1,-1,-1,-1,-1,-1,-1,-1,-1,-1,-1,-1,-1,-1,-1,-7,-13
243,b3e3d88a-0f40-4046-95a2-3a862e36c789,Covid a Napoli| è boom di contagi: la terza ondata travolge la provincia,Group 1,Manuel,1,4,-1,2,4,3,1,3,1,2,1,-1,1,-1,-1,-1,-1,-1,-1,-1,-1,-1,-1,-1,-1,-1,-1,-1,-1,-1,-1,-1,-5,-13
247,62cc6f89-b50e-4676-b671-dab1bc39e66d,Il ministro: Vaccini anche in vacanza. In futuro prepariamoci a terza dose dai medici di base,Group 2,Manuel,3,4,-1,1,4,4,1,1,1,2,-1,-1,1,-1,-1,-1,-1,-1,-1,-1,-1,-1,-1,-1,-1,-1,-1,-1,-1,-1,-1,-1,-7,-13
248,97e797fb-d132-4b8c-8dcd-b3c2a20472be,Puglia| la mappa degli autovelox dal 24 al 30 maggio,Group 1,Manuel,1,4,-1,1,4,4,1,3,2,1,1,-1,-1,-1,-1,-1,-1,-1,-1,-1,-1,-1,-1,-1,-1,-1,-1,-1,-1,-1,-1,-1,-7,-13
251,9b988da9-4ea5-42c0-b596-e997962ae5a6,"""A bordo due scafisti..."". Salvini smonta il teorema dei pm",Group 1,Manuel,1,3,1,1,4,4,1,3,2,1,1,-1,-1,1,-1,-1,-1,-1,-1,-1,-1,-1,-1,-1,-1,-1,-1,-1,-1,-1,-1,-1,-5,-13
255,76f82d9f-6993-4e67-9835-68cb6b0bb43d,Reddito cittadinanza| operazione fiamme gialle-Inps nel vicentino anche in insediamenti nomadi,Group 2,Manuel,1,4,-1,2,4,4,1,1,1,1,-1,-1,-1,-1,-1,-1,-1,-1,-1,-1,-1,-1,-1,-1,-1,-1,-1,-1,-1,-1,-1,-1,-9,-13
257,73a645b8-10b1-44a3-989a-935a37d66497,Firenze| Palazzo Strozzi svela l'arte americana dalla guerra in Vietnam all’11 settembre,Group 2,Manuel,1,3,-1,1,4,4,1,3,1,1,1,-1,-1,-1,-1,-1,-1,-1,-1,-1,-1,-1,-1,-1,-1,-1,-1,-1,-1,-1,-1,-1,-7,-13
262,d749e5ba-7228-4b94-8577-0a8da240ba73,Prof. Gervasoni: “D’ora in poi sarà vietato criticare Mattarella”,Group 1,Manuel,1,1,1,1,2,4,1,1,1,1,1,-1,1,1,-1,-1,-1,-1,1,-1,-1,-1,-1,-1,-1,-1,-1,-1,-1,-1,-1,-1,-1,-13
264,db26964b-9da7-48fd-8d37-634bedb4155f,L'inno alla musica di Dodi| solista a 70 anni,Group 2,Manuel,3,4,-1,1,4,4,1,3,2,2,1,-1,-1,-1,-1,-1,-1,-1,-1,-1,-1,-1,-1,-1,-1,-1,-1,-1,-1,-1,-1,-1,-7,-13
268,a8985169-5ef9-421a-8d90-4adfa21bda9e,"""Vendesi il pub più sperduto del Regno Unito"": i 90 abitanti del paesino di Inverie decidono di comprarlo",Group 2,Manuel,5,4,-1,1,4,4,1,3,1,2,1,-1,-1,-1,-1,-1,-1,-1,-1,-1,-1,-1,-1,-1,-1,-1,-1,-1,-1,-1,-1,-1,-7,-13
270,c0d0d9ca-a727-47d9-ac5b-570f37087310,Il registro elettronico che agita le famiglie: una conquista o no?,Group 2,Manuel,3,4,-1,1,4,4,1,1,1,1,-1,-1,-1,-1,-1,-1,-1,-1,-1,-1,-1,-1,-1,-1,-1,-1,-1,-1,-1,-1,-1,-1,-9,-13
272,83357b52-7b02-4cf2-8d9d-888dcc85ac0f,IL TAR LAZIO ORDINA AL MINISTERO DELLA SALUTE DI RENDERE PUBBLICI I VERBALI DELLA TASK FORCE SUL COVID,Group 1,Manuel,3,4,-1,1,3,4,2,3,2,2,1,-1,-1,-1,1,-1,-1,-1,-1,-1,-1,-1,-1,-1,-1,-1,-1,-1,-1,-1,-1,1,-5,-11
274,d5ec72f4-655d-47ab-93a9-3261a9d8d0d9,I CORVI DEL CSM. L’ EX MAGISTRATO DAVIGO ASCOLTATO OGGI COME TESTE DALLA PROCURA DI ROMA,Group 1,Manuel,3,3,-1,1,3,4,2,1,2,1,1,-1,-1,-1,1,-1,-1,-1,1,-1,-1,-1,-1,-1,-1,-1,-1,-1,-1,-1,-1,1,-3,-11
286,b3ac66c1-ae15-47c4-91fa-741432bedb72,L’intelligenza artificiale sospesa fra sogni e incubi,Group 2,Manuel,3,2,-1,1,3,3,1,3,1,1,-1,-1,-1,-1,-1,-1,-1,-1,1,-1,-1,-1,-1,-1,-1,-1,-1,-1,-1,-1,-1,-1,-7,-13
291,6dfb0d94-1760-4c87-a931-40e58d86ebb6,Allerta meteo in Campania| in arrivo gelo e nevicate: pronti i mezzi spargisale,Group 1,Manuel,1,4,-1,2,4,4,1,1,2,1,1,-1,1,-1,-1,-1,-1,-1,-1,-1,-1,-1,-1,-1,-1,-1,-1,-1,-1,-1,-1,-1,-5,-13
293,f0fe9b95-3229-4107-927c-d616ceeb19e7,Fernando prenota e va a vaccinarsi a 100 anni. E' nato nel periodo della spagnola,Group 2,Manuel,1,4,-1,2,4,4,1,3,2,2,1,-1,-1,-1,-1,-1,-1,-1,-1,-1,-1,-1,-1,-1,-1,-1,-1,-1,-1,-1,-1,-1,-7,-13
295,4c19e5e4-e137-407a-b698-096746a3a650,Ufo ecco cosa dovete sapere sui filmati dalla Marina americana desecretati dal Pentagono,Group 2,Manuel,3,4,-1,2,4,4,1,3,2,1,-1,-1,-1,-1,-1,-1,-1,1,-1,-1,-1,-1,-1,-1,-1,-1,-1,-1,-1,-1,-1,-1,-7,-13
299,9162f68d-65b7-4880-b588-d0804ccae090,Un anno con poco sesso,Group 2,Manuel,3,3,-1,2,4,4,1,1,1,1,-1,-1,-1,-1,-1,-1,-1,-1,-1,-1,-1,-1,-1,-1,-1,-1,-1,-1,-1,-1,-1,-1,-9,-13
301,67e8c429-9199-4a54-961d-0cbe62f62e1d,Ex polveriera di Cantone: partiti i lavori per realizzare il percorso naturalistico,Group 1,Manuel,1,4,-1,1,4,4,1,1,2,2,1,-1,1,-1,-1,-1,-1,-1,-1,-1,-1,-1,-1,-1,-1,-1,-1,-1,-1,-1,-1,-1,-5,-13
303,7394a8e4-0fc9-4efc-a379-6b5e7efa0675,Ema autorizza il vaccino Pfizer per i 12-15enni. Ma si valutano casi di miocardite e pericardite,Group 2,Manuel,1,3,-1,2,4,4,1,1,2,2,1,-1,-1,-1,-1,-1,-1,-1,-1,-1,-1,-1,-1,-1,-1,-1,-1,-1,-1,-1,-1,-1,-7,-13
305,cde09ec5-626d-474a-abba-529a593b7ade,Olbia| chiude il negozio a causa della pandemia: «Ma non mi arrendo»,Group 1,Manuel,1,4,1,2,4,4,1,3,1,2,1,-1,-1,1,-1,-1,-1,-1,-1,-1,-1,-1,-1,-1,-1,-1,-1,-1,-1,-1,-1,-1,-5,-13
306,7c2985b4-d96e-442e-88a2-00811d796d16,Il privilegio di sedere al tavolo giusto,Group 2,Manuel,1,2,-1,1,3,2,2,3,2,2,-1,-1,-1,-1,-1,-1,-1,-1,1,-1,-1,-1,-1,-1,-1,-1,-1,-1,-1,-1,1,-1,-7,-11
312,7ae76290-b709-4305-a834-1b2da1994400,Coronavirus| medico 64enne muore il giorno dopo il vaccino: aveva gravi patologie,Group 1,Manuel,1,4,-1,1,4,4,1,3,2,2,1,-1,1,-1,-1,-1,-1,-1,-1,-1,-1,-1,-1,-1,-1,-1,-1,-1,-1,-1,-1,-1,-5,-13
316,8f210aae-5e9f-4783-b47d-ce0bc6171394,«Una situazione mai vista»| le voci da Israele e dalla Striscia,Group 1,Manuel,3,4,1,1,4,4,1,3,2,2,1,-1,-1,1,-1,-1,-1,-1,-1,-1,-1,-1,-1,-1,-1,-1,-1,-1,-1,-1,-1,-1,-5,-13
318,c9e49f68-e87e-43ae-ba0d-55ecca379934,Novara| 52enne si vaccina: ma mezz’ora dopo viene a mancare,Group 2,Manuel,1,4,-1,2,4,4,1,3,2,2,1,-1,1,-1,-1,-1,-1,-1,-1,-1,-1,-1,-1,-1,-1,-1,-1,-1,-1,-1,-1,-1,-5,-13
322,8bac2063-0de3-462a-bbf6-80c679524ea7,Così i neonati sparivano negli ospedali dell’ex Jugoslavia,Group 1,Manuel,1,2,-1,1,3,4,1,3,2,1,1,-1,-1,-1,-1,-1,-1,1,-1,-1,-1,-1,-1,-1,-1,-1,-1,-1,-1,-1,-1,-1,-5,-13
326,b0e8474a-3d81-4e6e-b9a7-8dcf5e2bccd9,Regno Unito| giornalista BBC muore a 44 anni dopo vaccino AstraZeneca,Group 2,Manuel,1,4,-1,2,3,4,1,1,2,2,1,-1,-1,-1,-1,-1,-1,-1,-1,-1,-1,-1,-1,-1,-1,-1,-1,-1,-1,-1,-1,-1,-7,-13
327,6174d400-7808-4673-8222-ccb144138d6b,Indagato per molestie il capo del tribunale del caso Grillo junior,Group 1,Manuel,1,3,-1,2,2,4,2,3,1,2,1,-1,-1,-1,-1,-1,-1,-1,-1,-1,-1,-1,-1,-1,-1,-1,-1,-1,-1,-1,-1,1,-7,-11
329,a0f16e2b-cc17-4526-a990-772e5593cdcd,Report su Vaticano: investimento su fondo catastrofi e pandemie,Group 1,Manuel,1,4,-1,1,2,3,1,1,1,1,1,-1,1,-1,-1,-1,-1,-1,-1,-1,-1,-1,-1,-1,-1,-1,-1,-1,-1,-1,1,-1,-5,-11
331,be91c835-0b23-4065-be59-aebc841af31d,La svolta militare: le Forze di difesa israeliane di cielo e di terra stanno attaccando la Striscia di Gaza,Group 1,Manuel,1,3,-1,1,4,4,1,3,2,2,1,-1,1,-1,-1,-1,-1,-1,-1,-1,-1,-1,-1,-1,-1,-1,-1,-1,-1,-1,-1,-1,-5,-13
333,d4271fe2-7141-4158-88ff-47c78609f774,Il countdown: cosa accadrà tra poco a questi televisori,Group 2,Manuel,5,2,-1,2,4,4,1,3,2,1,-1,-1,1,-1,-1,-1,-1,-1,-1,-1,-1,-1,-1,-1,-1,-1,-1,-1,-1,-1,-1,-1,-7,-13
337,54904eb1-e7d0-4182-a166-bcaafe2068c2,Magalli-Volpe: lui la sbeffeggia per lo share| lei lo attacca. I retroscena di una lite infinita,Group 1,Manuel,5,4,-1,1,3,2,1,3,2,1,1,-1,1,-1,-1,-1,-1,-1,-1,-1,-1,-1,-1,-1,-1,-1,-1,-1,-1,-1,-1,-1,-5,-13
339,f449f8f5-f4d6-40f6-a573-89e9837cd6af,Il virus rallenta ancora. Tre regioni in zona bianca,Group 2,Manuel,1,4,-1,2,4,4,1,3,2,2,-1,-1,-1,-1,-1,-1,-1,-1,-1,-1,-1,-1,-1,-1,-1,-1,-1,-1,-1,-1,-1,-1,-9,-13
341,78d95e36-d05a-4cef-8939-85959a4541fc,Controllate 375 persone: 13 multe Centro gremito e autobus deviati,Group 2,Manuel,1,2,-1,2,4,4,1,3,2,2,-1,-1,1,-1,-1,-1,-1,-1,-1,-1,-1,-1,-1,-1,-1,-1,-1,-1,-1,-1,-1,-1,-7,-13
344,97ed6bb2-3bb0-4727-91f8-6f09a536a655,Autostrade| dall’ipotesi revoca all’offerta da 10 miliardi. Benetton| in tre anni da sconfitti a vincitori,Group 1,Manuel,3,3,-1,2,3,3,2,3,1,1,1,-1,-1,-1,-1,-1,-1,-1,1,-1,-1,-1,-1,-1,-1,-1,-1,-1,-1,-1,-1,1,-5,-11
346,a223ad9c-9cc2-4e23-80fa-cb3bbba183da,"D'Alema ""rovinato"". Ma lui reagisce così: ""Vendetta...""",Group 1,Manuel,1,2,1,2,4,4,1,3,1,2,1,-1,1,1,-1,-1,-1,-1,1,-1,-1,-1,-1,-1,-1,-1,-1,-1,-1,-1,-1,-1,-1,-13
348,ad1cb3b0-473a-4718-8ade-64333876aec6,"Chiara Gualzetti| l'assassino: ""Lei non moriva mai""",Group 1,Manuel,1,2,2,2,4,2,1,3,2,2,1,-1,1,1,-1,-1,-1,-1,1,-1,-1,-1,-1,-1,-1,-1,-1,-1,-1,-1,-1,-1,-1,-13
350,e7c8986b-52f2-4e06-9900-0e5cf12654da,Sinagra contro Figliuolo: “Lo aspetto per il vaccino. Vedrà che bell’accoglienza”,Group 2,Manuel,2,2,2,1,1,1,2,1,1,1,1,-1,1,1,-1,-1,-1,-1,1,-1,-1,-1,-1,-1,-1,-1,-1,-1,-1,-1,-1,1,-1,-11
352,cda9be7d-6d49-4681-9dbb-1aee0c254015,Galatone| gli insetti invadono la zona industriale: si indaga,Group 2,Manuel,1,4,-1,2,3,3,1,3,2,2,1,-1,1,-1,-1,-1,-1,-1,-1,-1,-1,-1,-1,-1,-1,-1,-1,-1,-1,-1,-1,-1,-5,-13
354,4b7f561b-a4bc-4cdb-8722-1450f1ce7c38,La Fondazione farà crescere i Giganti di Mont'e Prama,Group 2,Manuel,3,2,-1,1,4,3,1,3,1,2,1,-1,-1,-1,-1,-1,-1,-1,-1,-1,-1,-1,-1,-1,-1,-1,-1,-1,-1,-1,-1,-1,-7,-13
356,7b64542e-11d0-464d-a060-1145a9d0ad3a,Il premier libico a Roma| dalla ricostruzione del paese alla gestione dei flussi migratori: i dossier sul tavolo,Group 2,Manuel,3,4,-1,1,4,4,1,3,2,2,1,-1,1,-1,-1,-1,-1,-1,-1,-1,-1,-1,-1,-1,-1,-1,-1,-1,-1,-1,-1,-1,-5,-13
361,a8739979-876f-4f17-be81-ed5757b7d9e1,Disastro ambientale Ilva: i Riva condannati a oltre 20 anni. Tre anni e mezzo a Nichi Vendola,Group 2,Manuel,1,4,-1,2,3,3,1,1,2,2,1,-1,1,-1,-1,-1,-1,-1,-1,-1,-1,-1,-1,-1,-1,-1,-1,-1,-1,-1,-1,-1,-5,-13
363,9f722328-c69f-4244-8b1d-aedd04dc3080,E poi la sanità calabrese è in rosso… Doppi pagamenti all’asp di Reggio per oltre 4 milioni. Indaga la procura,Group 1,Manuel,1,2,-1,1,4,4,1,1,1,1,1,-1,-1,-1,-1,-1,-1,-1,1,-1,-1,-1,-1,-1,-1,-1,-1,-1,-1,-1,-1,-1,-5,-13
367,db3e2592-7e10-4200-bfd0-ae05f621fb60,«Vaccinare entro fine luglio 7 pugliesi su 10»| la scommessa,Group 1,Manuel,1,3,-1,2,3,3,1,3,2,1,-1,-1,-1,1,-1,-1,-1,-1,-1,-1,-1,-1,-1,-1,-1,-1,-1,-1,-1,-1,-1,-1,-7,-13
375,b760ffb8-4af8-426a-872d-cfce35e0bc38,Ora che si è liberata dal fardello Ilva| ArcelorMittal vara la svolta green,Group 2,Manuel,3,3,-1,1,4,4,1,3,1,1,1,-1,-1,-1,-1,-1,-1,-1,-1,-1,-1,-1,-1,-1,-1,-1,-1,-1,-1,-1,-1,-1,-7,-13
377,ccaa6fc6-bb4e-423c-86ef-478c1be49d09,Covid| la variante «brasiliana» spaventa: cosa sta succedendo a Manaus- Corriere.it,Group 1,Manuel,1,4,-1,1,4,4,1,3,1,1,1,-1,1,-1,-1,-1,-1,1,-1,-1,-1,-1,-1,-1,-1,-1,-1,-1,-1,-1,-1,-1,-3,-13
379,966f95b9-fc3d-4950-bbc4-0ce1e07c6873,Pestaggi in carcere| ex detenuto sulla sedia a rotelle: «Anche la direttrice con il manganello»,Group 1,Manuel,1,3,2,1,4,2,1,1,2,1,-1,-1,1,1,-1,-1,-1,-1,1,-1,-1,-1,-1,-1,-1,-1,-1,-1,-1,-1,-1,-1,-3,-13
381,8cc31f5a-dbb3-4107-8c4c-06cb7f284947,Hamburger a Milano| i migliori da mangiare all'aperto o a domicilio,Group 2,Manuel,5,4,-1,1,4,4,1,3,1,1,1,-1,-1,-1,-1,-1,-1,-1,-1,-1,-1,-1,-1,-1,-1,-1,-1,-1,-1,-1,-1,-1,-7,-13
383,9a77fd35-2ff1-47f3-9cc4-15bb08eeefee,Terrorismo| imam arrestato ad Alessandria: invocava la distruzione del Vaticano durante la preghiera,Group 1,Manuel,3,4,-1,2,4,4,1,3,2,2,1,-1,1,-1,-1,-1,-1,-1,-1,-1,-1,-1,-1,-1,-1,-1,-1,-1,-1,-1,-1,-1,-5,-13
386,f46b51a5-037e-4bed-8460-a4eb2eefc264,Vaccini anti-Covid in azienda| Figliuolo: “Per tutte le classi di età da giugno”,Group 1,Manuel,1,4,2,2,4,4,1,1,2,1,1,-1,1,1,-1,-1,-1,-1,-1,-1,-1,-1,-1,-1,-1,-1,-1,-1,-1,-1,-1,-1,-3,-13
388,5717ce3e-69a2-4e5a-8e70-2f8230c217ad,Laura Pausini e le Lady Oscar italiane: «Devo tutto a Sofia. Nel mio abito Valentino una bacchetta magica»,Group 2,Manuel,5,3,2,1,4,4,1,1,1,1,1,-1,1,1,-1,-1,-1,-1,-1,-1,-1,-1,-1,-1,-1,-1,-1,-1,-1,-1,-1,-1,-3,-13
390,dca167f5-de01-44dc-a636-e38c6f27f9e5,Un chirurgo cagliaritano trapianta due mani in Svezia,Group 1,Manuel,1,3,-1,1,4,4,1,3,2,1,-1,-1,-1,-1,-1,-1,-1,-1,1,-1,-1,-1,-1,-1,-1,-1,-1,-1,-1,-1,-1,-1,-7,-13
392,564d249d-d88b-48d4-a3a6-1e31c8ad3f57,La destra detta l’agenda| in Francia il clima si arroventa,Group 2,Manuel,3,4,-1,1,3,4,2,3,2,2,1,-1,-1,-1,-1,-1,-1,-1,-1,-1,-1,-1,-1,-1,-1,-1,-1,-1,-1,-1,1,-1,-7,-11
394,b1d2d7da-8eb7-4cef-8651-35929e2bd09e,Cosa fa lo spaziotempo quando si strappa?,Group 2,Manuel,3,3,-1,1,4,4,1,3,1,1,-1,1,-1,-1,-1,-1,-1,-1,-1,-1,-1,-1,-1,-1,-1,-1,-1,-1,-1,-1,-1,-1,-7,-13
396,b291a485-7c6d-400e-ad80-3e07b20af10e,Eroina e cocaina da San Severo a Campodipietra pronte per lo spaccio: i dettagli del blitz della Polizia,Group 1,Manuel,1,4,-1,2,4,4,1,1,2,2,1,-1,1,-1,-1,-1,-1,-1,-1,-1,-1,-1,-1,-1,-1,-1,-1,-1,-1,-1,-1,-1,-5,-13
398,59f724d8-d6f5-43dd-99d2-c706cd5ff61d,Francia| ucciso l’aggressore della poliziotta: era radicalizzato. La rabbia di Marine Le Pen,Group 2,Manuel,1,4,-1,2,3,3,2,3,2,2,1,-1,1,-1,-1,-1,-1,-1,-1,-1,-1,-1,-1,-1,-1,-1,1,-1,-1,-1,1,-1,-5,-9
402,b79a2e88-0e7d-4f9c-9309-4b5c2a0e837d,Giornata della terra? La spariamo grossa? Il cibo secondo il WWF,Group 2,Manuel,2,2,-1,1,3,2,1,2,1,1,-1,-1,-1,-1,-1,-1,-1,-1,1,-1,-1,-1,-1,-1,-1,-1,-1,-1,-1,-1,-1,-1,-7,-13
404,de5fa1c9-f706-4b97-96e0-fc1838c07622,Chiara Ferragni| la sorella Valentina lancia i bracciali dell'estate: fan delusi,Group 2,Manuel,5,2,-1,1,3,3,1,1,2,2,1,-1,1,-1,-1,-1,-1,-1,-1,-1,-1,-1,-1,-1,-1,-1,-1,-1,-1,-1,-1,-1,-5,-13
408,584acaaf-fa1c-4ac0-ab29-4862b214ba95,ARRESTATO MEDICO ONCOLOGO A BARI : 130MILA EURO ESTORTI AD UN MALATO DI CANCRO PER SOMMINISTARGLI GRATIS DEI MEDICINALI,Group 2,Manuel,3,3,-1,2,3,2,2,1,2,2,1,-1,1,-1,1,-1,-1,-1,-1,-1,-1,-1,-1,-1,-1,-1,-1,-1,-1,-1,-1,1,-3,-11
410,55d744cd-36c6-4747-b055-981c9aba3fae,Catania| ruba macchinari e alcolici da un bar in aeroporto: denunciato,Group 2,Manuel,1,4,-1,2,3,4,1,1,1,1,-1,-1,1,-1,-1,-1,-1,-1,-1,-1,-1,-1,-1,-1,-1,-1,-1,-1,-1,-1,-1,-1,-7,-13
413,748e746f-5f40-45c4-bc63-3780ee886f3c,Da lunedì via libera al vaccino per gli over 40| il commissario Figliuolo ha scritto alle Regioni,Group 1,Manuel,1,4,-1,2,4,4,1,1,2,1,1,-1,-1,-1,-1,-1,-1,-1,-1,-1,-1,-1,-1,-1,-1,-1,-1,-1,-1,-1,-1,-1,-7,-13
417,f546164a-0c0a-4153-ab7c-b715c70a2d6d,Ore 12| il Piemonte si ferma nel ricordo delle 14 vittime della funivia,Group 2,Manuel,1,4,-1,2,4,4,1,3,2,2,-1,-1,-1,-1,-1,-1,-1,-1,-1,-1,-1,-1,-1,-1,-1,-1,-1,-1,-1,-1,-1,-1,-9,-13
419,6449bb25-2d0e-41d2-8640-500fa13c6aa5,Sciacca| operatori ecologici senza salario da due mesi: sindacati pronti alla protesta,Group 2,Manuel,1,4,-1,2,4,4,1,3,1,2,1,-1,1,-1,-1,-1,-1,-1,-1,-1,-1,-1,-1,-1,-1,-1,-1,-1,-1,-1,-1,-1,-5,-13
423,a6af4a60-7d73-43b4-9be9-3e5cc33b687a,"Firenze| cos'è ""La Ferita"": l'opera che squarcia Palazzo Strozzi",Group 2,Manuel,3,4,-1,2,4,4,1,1,2,1,1,-1,1,-1,-1,-1,-1,-1,1,-1,-1,-1,-1,-1,-1,-1,-1,-1,-1,-1,-1,-1,-3,-13
427,5a003463-0851-41e8-bd85-5327d86125cd,"Saman Abbas a Quarto Grado| la denuncia contro il padre prima di sparire: ""I miei documenti chiusi a chiave nell'armadio""",Group 1,Manuel,1,4,2,2,4,4,1,1,2,1,1,-1,1,1,-1,-1,-1,-1,-1,-1,-1,-1,-1,-1,-1,-1,-1,-1,-1,-1,-1,-1,-3,-13
430,d08dae7f-640a-4909-ad84-71b008fa1a19,Raffaella Carrà| un’icona nazionalpopolare che ha portato l’Italia nel mondo. L’omaggio della Meloni,Group 1,Manuel,3,2,-1,1,4,3,1,3,1,2,1,-1,-1,-1,-1,-1,-1,-1,-1,-1,-1,-1,-1,-1,-1,-1,-1,-1,-1,-1,-1,-1,-7,-13
435,b70d6d51-ef24-4bec-8d1a-593e9c11bfb5,Roma| Casapound contro gli Azzurri in ginocchio: murale in stile fascista|«Resta in piedi| Italia»,Group 2,Manuel,1,4,2,2,2,2,1,3,2,2,1,-1,1,1,-1,-1,-1,-1,1,-1,-1,-1,-1,-1,-1,-1,-1,-1,-1,-1,-1,-1,-1,-13
440,548a49f8-2622-4308-a4b1-3dcbc2385dea,Rave party di Tavolaia| gravissimo un giovane che ha bevuto antigelo,Group 1,Manuel,1,4,-1,2,4,4,1,1,2,2,1,-1,-1,-1,-1,-1,-1,-1,-1,-1,-1,-1,-1,-1,-1,-1,-1,-1,-1,-1,-1,-1,-7,-13
442,127212ca-e3bb-4563-a878-e89052565e05,In pandemia cresce uso omeopatia| +25%,Group 2,Manuel,1,3,-1,2,4,4,1,2,2,1,-1,-1,-1,-1,-1,-1,-1,-1,-1,-1,-1,-1,-1,-1,-1,-1,-1,-1,-1,-1,-1,-1,-9,-13
444,4acd6999-2234-43dc-ab84-53f021925268,Appiano Gentile| denunciato per scritte omofobe e naziste su un muro,Group 2,Manuel,1,4,-1,2,4,4,1,1,2,2,1,-1,-1,-1,-1,-1,-1,-1,-1,-1,-1,-1,-1,-1,-1,-1,-1,-1,-1,-1,-1,-1,-7,-13
454,445120e1-6bf1-4ddf-9177-2b36cfa7e3f9,“È mia figlia”| il dolore della madre che ha riconosciuto la giovane tra i morti del naufragio di fine giugno,Group 1,Manuel,1,2,2,2,3,2,2,3,2,2,-1,-1,-1,1,-1,-1,-1,-1,1,-1,-1,-1,-1,-1,-1,-1,-1,-1,-1,-1,1,-1,-5,-11
460,c0238769-ae38-4575-b9ce-ebc1aa26c30a,Covid| J&J: “La risposta al vaccino dura almeno 8 mesi e protegge dalla variante Delta”,Group 1,Manuel,1,4,2,1,4,4,1,3,2,2,1,-1,1,1,-1,-1,-1,-1,-1,-1,-1,-1,-1,-1,-1,-1,-1,-1,-1,-1,-1,-1,-3,-13
462,3696bc79-2f24-47e2-9f13-fabd92b7a271,Variante Delta| quanto sono efficaci i vaccini? I dati e l’allarme di Israele,Group 1,Manuel,1,4,-1,2,4,4,1,3,2,2,1,-1,-1,-1,-1,-1,-1,-1,-1,-1,-1,-1,-1,-1,-1,-1,-1,-1,-1,-1,-1,-1,-7,-13
464,1e2ab02b-b251-4c6e-96c5-38b346dfecbd,Commissione d'indagine su Serinper| il presidente del consiglio comunale è d'accordo,Group 1,Manuel,3,3,-1,2,4,4,1,3,1,2,-1,-1,-1,-1,-1,-1,-1,-1,-1,-1,-1,-1,-1,-1,-1,-1,-1,-1,-1,-1,-1,-1,-9,-13
469,1a1abfdb-95b6-4981-9f5c-390955e66afe,"Vanoni| Colapesce e Dimartino| ecco ""Toy Boy"" il tormentone-samba dell'estate 2021",Group 1,Manuel,5,3,-1,1,3,3,1,3,2,1,1,-1,-1,-1,-1,-1,-1,-1,-1,-1,-1,-1,-1,-1,-1,-1,-1,-1,-1,-1,-1,-1,-7,-13
474,267c1505-8db0-4b7b-a46b-315a3236c342,A diciotto anni si mettono in fila: i figli dei no-Vax chiedono il vaccino,Group 2,Manuel,1,3,-1,2,4,4,1,3,1,2,-1,-1,1,-1,-1,-1,-1,-1,-1,-1,-1,-1,-1,-1,-1,-1,-1,-1,-1,-1,-1,-1,-7,-13
476,af6c349c-3ed8-4afb-b31a-411cfd2f212d,"Covid Italia| vaccini: ""Affrettarsi prima dell'inizio della scuola""",Group 2,Manuel,1,3,2,1,4,4,1,1,2,2,1,-1,1,1,-1,-1,-1,-1,-1,-1,-1,-1,-1,-1,-1,-1,-1,-1,-1,-1,-1,-1,-3,-13
478,304dbbc9-3deb-4452-9b85-bcb40db5e1c5,"Masini (Forza Italia): ""Pronta a votare il Ddl Zan anche così com’è""",Group 1,Manuel,1,3,2,2,4,4,1,3,2,2,1,-1,1,1,-1,-1,-1,-1,-1,-1,-1,-1,-1,-1,-1,-1,-1,-1,-1,-1,-1,-1,-3,-13
480,f620ad74-b7b2-4269-b02e-af033a2f04b2,Ora il turismo extra-Unione europea fa paura. E Berlino striglia Cipro e Grecia,Group 2,Manuel,1,3,-1,2,4,4,1,3,2,2,1,-1,-1,-1,-1,-1,-1,-1,1,-1,-1,-1,-1,-1,-1,-1,-1,-1,-1,-1,-1,-1,-5,-13
482,45fbdee5-8792-4b2d-b2f3-52d3a8f0a154,"Canada| quasi 50 gradi sul termometro: un intero Paese distrutto dalle fiamme| ""edifici inghiottiti in poco tempo""",Group 2,Manuel,1,3,-1,2,4,4,1,1,2,2,1,-1,1,-1,-1,-1,-1,-1,-1,-1,-1,-1,-1,-1,-1,-1,-1,-1,-1,-1,-1,-1,-5,-13
484,63b90921-c98d-48e4-b0a1-a1c9531c4e6a,Papa Francesco ricoverato in ospedale: sarà operato al colon,Group 1,Manuel,1,4,-1,2,4,4,1,1,2,2,1,-1,1,-1,-1,-1,-1,-1,-1,-1,-1,-1,-1,-1,-1,-1,-1,-1,-1,-1,-1,-1,-5,-13
488,e445631e-cae3-4af9-8a4e-49a0141ea731,Quasi 2mila tifosi scozzesi positivi al coronavirus dopo aver partecipato a eventi degli Europei,Group 2,Manuel,1,3,-1,2,4,4,1,1,2,2,-1,-1,-1,-1,-1,-1,-1,-1,-1,-1,-1,-1,-1,-1,-1,-1,-1,-1,-1,-1,-1,-1,-9,-13
490,ef13bfe6-3f64-4aee-9b3f-b64fd7418d5d,Vaccinazioni| le nuove prenotazioni slittano a dopo metà agosto,Group 1,Manuel,1,4,-1,2,4,4,1,1,1,2,-1,-1,-1,-1,-1,-1,-1,-1,-1,-1,-1,-1,-1,-1,-1,-1,-1,-1,-1,-1,-1,-1,-9,-13
494,1a40c42d-b4e0-42f6-a380-b26061748e0e,"""Ferragnez"" Renzi| lo scontro social: “Che schifo che fate politici”",Group 1,Manuel,1,2,2,1,2,1,2,3,1,2,1,-1,1,1,-1,-1,-1,-1,1,-1,-1,-1,-1,-1,-1,-1,-1,-1,-1,-1,-1,1,-1,-11
496,d6324f36-a665-4352-ab7a-65ee0c2bd931,Roma Pride| folla in piazza e slogan pro Ddl Zan: «Vogliamo i nostri diritti». Cortei in 6 città italiane,Group 2,Manuel,1,3,2,1,3,3,2,1,2,2,1,-1,1,1,-1,-1,-1,-1,-1,-1,-1,-1,-1,-1,-1,-1,-1,-1,-1,-1,-1,1,-3,-11
498,151605d6-e5d5-4d18-b7fa-9e19cbcbf5f3,Il rave party va avanti| schierati oltre 100 agenti: identificate 200 persone su seimila,Group 1,Manuel,1,3,-1,2,3,4,1,1,2,2,-1,-1,1,-1,-1,-1,-1,-1,-1,-1,-1,-1,-1,-1,-1,-1,-1,-1,-1,-1,-1,-1,-7,-13
502,3d1ae696-3a3f-43ab-a4ce-61d337a59d7e,Strage nel Mediterraneo: barcone si ribalta| morti 43 migranti,Group 2,Manuel,1,4,-1,2,4,4,1,1,2,2,1,-1,1,-1,-1,-1,-1,-1,-1,-1,-1,-1,-1,-1,-1,-1,-1,-1,-1,-1,-1,-1,-5,-13
506,441dedb2-48f0-4e42-85eb-0dd672b61169,Ora l’anziano Benedetto XVI prega “fortemente” per la salute del successore Bergoglio,Group 1,Manuel,1,3,-1,1,4,3,1,3,2,2,1,-1,-1,-1,-1,-1,-1,-1,-1,-1,-1,-1,-1,-1,-1,-1,-1,-1,-1,-1,-1,-1,-7,-13
512,9f87440c-bdbc-4338-a3df-512fe1fc5ae5,Covid| la Francia sconsiglia i viaggi in Spagna e Portogallo. Tokyo conferma lo stato di emergenza durante i Giochi,Group 1,Manuel,1,2,-1,1,2,4,1,1,2,2,1,-1,-1,-1,-1,-1,-1,-1,-1,-1,-1,-1,-1,-1,-1,-1,-1,-1,-1,-1,-1,-1,-7,-13
517,a0fd77d4-a1e6-4881-ad83-4a9c7a3bf32c,Inghilterra| dal 19 luglio via tutte le restrizioni: addio mascherine (anche al chiuso) e distanziamenti,Group 2,Manuel,1,4,-1,1,4,3,1,1,2,1,1,-1,1,-1,-1,-1,-1,-1,-1,-1,-1,-1,-1,-1,-1,-1,-1,-1,-1,-1,-1,-1,-5,-13
521,f964e254-d60e-4509-9a03-b62d8b5f2568,Covid| fake news di Montesano: «Il sangue dei vaccinati viene buttato via». La smentita del Cns: «Grave falsità| donare salva le vite»,Group 2,Manuel,1,4,2,2,4,4,1,3,1,2,1,-1,1,1,-1,-1,-1,-1,-1,-1,-1,-1,-1,-1,-1,-1,-1,-1,-1,-1,-1,-1,-3,-13
523,89ab0d13-b200-474f-922f-e78cd70f7e40,Il ddl Zan serve per contrastare l’omotransfobia? Ecco la verità sui report dell’Il ddl Zan serve per contrastare l’omotransfobia? Ecco la verità sui report dell’Arcigay,Group 1,Manuel,3,2,-1,1,3,3,2,3,1,1,1,1,-1,-1,-1,-1,-1,1,1,-1,-1,-1,1,-1,-1,-1,-1,-1,-1,-1,-1,-1,-1,-11
528,297afd6a-8027-441f-ad81-28b6a734d245,Chi arriva in Italia dal Regno Unito dovrà trascorrere 5 giorni in quarantena a causa della diffusione della variante “delta”,Group 1,Manuel,1,3,-1,2,3,4,1,1,2,2,1,-1,-1,-1,-1,-1,-1,-1,-1,-1,-1,-1,-1,-1,-1,-1,-1,-1,-1,-1,-1,-1,-7,-13
529,712b46c0-ea5f-41d3-94fd-f78889ce79c4,La svolta sbagliata di Google Maps contro il cambiamento climatico,Group 2,Manuel,2,3,-1,1,3,3,2,3,1,1,1,-1,-1,-1,-1,-1,-1,-1,-1,-1,-1,-1,-1,-1,-1,-1,-1,-1,-1,-1,-1,1,-7,-11
531,3c2e2f67-fdc7-42b9-9562-0bb3c0f37f2f,Covid Italia 6 luglio: 907 nuovi casi e 24 morti,Group 2,Manuel,1,4,-1,2,4,4,1,1,2,2,1,-1,1,-1,-1,-1,-1,-1,-1,-1,-1,-1,-1,-1,-1,-1,-1,-1,-1,-1,-1,-1,-5,-13
535,d73018e2-5184-43b7-ba01-e82378666dab,"In Fvg trovata la variante Delta in 25 dei 96 campioni analizzati. Riccardi: “Vaccinarsi è fondamentale""",Group 2,Manuel,1,3,1,1,4,4,1,1,2,2,1,-1,1,1,-1,-1,-1,-1,-1,-1,-1,-1,-1,-1,-1,-1,-1,-1,-1,-1,-1,-1,-3,-13
539,22df3f4a-7eb7-4fae-b0d6-ef6ca4fe408f,Variante delta: dopo i due a Pisa| casi sospetti anche a Firenze. Le contromisure in Toscana,Group 2,Manuel,1,4,-1,2,4,4,1,3,2,2,1,-1,1,-1,-1,-1,-1,-1,-1,-1,-1,-1,-1,-1,-1,-1,-1,-1,-1,-1,-1,-1,-5,-13
541,7a4e548a-0dbe-4d32-9e5c-754ef3520509,"Vaccini Covid| Speranza: ""Oggi superiamo quota 55 milioni""",Group 1,Manuel,1,4,2,2,4,4,1,1,2,2,1,-1,1,1,-1,-1,-1,-1,-1,-1,-1,-1,-1,-1,-1,-1,-1,-1,-1,-1,-1,-1,-3,-13
543,e65f6342-2829-4565-8e90-97c1354ed011,Vaccini| «Pfizer e Moderna sicuri in gravidanza e proteggono il feto dal virus»: lo studio Usa sui farmaci a mRNA,Group 2,Manuel,1,2,2,1,4,4,1,3,1,2,1,-1,1,1,-1,-1,-1,-1,-1,-1,-1,-1,-1,-1,-1,-1,-1,-1,-1,-1,-1,-1,-3,-13
545,0c2a7047-28f8-4839-b02c-73c58447c827,Coronavirus| il monitoraggio Gimbe: “Nuovi casi in crescita del 5%| ma calano i decessi”,Group 1,Manuel,1,3,2,2,4,4,1,1,2,2,1,-1,1,1,-1,-1,-1,-1,-1,-1,-1,-1,-1,-1,-1,-1,-1,-1,-1,-1,-1,-1,-3,-13
547,8b1f6eee-0ce2-4fa6-ad59-cf08abe4b612,Gli strappi di Beppe Grillo che non può accettare un Movimento «personale»,Group 2,Manuel,2,3,-1,1,3,3,1,3,1,2,1,-1,-1,-1,-1,-1,-1,-1,-1,-1,-1,-1,-1,-1,-1,-1,-1,-1,-1,-1,-1,-1,-7,-13
549,90405269-7a8c-4479-a45e-ee097692f8ac,Ddl Zan| Letta nella morsa dei “due Matteo”: «Non hai più i numeri. O lo modifichi o lo affossi»,Group 1,Manuel,1,3,2,2,2,2,1,3,2,2,1,-1,1,1,-1,-1,-1,-1,1,-1,-1,-1,-1,-1,-1,-1,-1,-1,-1,-1,-1,-1,-1,-13
551,b59b7f92-329c-4002-a7bf-c2ebce4bde2f,"Morta Raffaella Carrà| manifesti funebri all'Argentario| ""Era una di noi""",Group 1,Manuel,1,4,2,2,4,4,1,1,2,2,1,-1,1,1,-1,-1,-1,-1,-1,-1,-1,-1,-1,-1,-1,-1,-1,-1,-1,-1,-1,-1,-3,-13
555,70f25ccb-11ca-458e-8d4c-998264097691,"Locali da ballo| la protesta dei titolari: ""Vogliamo riaprire| dateci una data certa""",Group 1,Manuel,1,3,2,2,3,4,1,1,2,2,-1,-1,1,1,-1,-1,-1,-1,-1,-1,-1,-1,-1,-1,-1,-1,-1,-1,-1,-1,-1,-1,-5,-13
557,1d134854-568a-4590-86b1-64912b3c3e4d,Nuove aggressioni omofobe a Milano: calci e pugni in centro a una coppia di giovani,Group 2,Manuel,1,4,-1,2,4,4,1,3,2,2,1,-1,1,-1,-1,-1,-1,-1,-1,-1,-1,-1,-1,-1,-1,-1,-1,-1,-1,-1,-1,-1,-5,-13
559,53d150f9-59a8-4ed9-a1ca-b6fceeddcccf,Terapie Covid| l'Oms aggiorna le linee guida: aggiunti due farmaci,Group 1,Manuel,1,4,-1,2,4,4,1,1,1,2,1,-1,1,-1,-1,-1,-1,-1,-1,-1,-1,-1,-1,-1,-1,-1,-1,-1,-1,-1,-1,-1,-5,-13
561,c466d573-c6d3-4665-a103-62ea4de370da,"Beppe Grillo| tam tam impazzito tra i Cinque Stelle vicini a Giuseppe Conte: ""E se ci ha fregati?""",Group 1,Manuel,2,2,2,2,2,2,2,1,2,2,1,1,-1,1,-1,-1,-1,-1,1,-1,-1,-1,-1,-1,-1,-1,-1,-1,-1,-1,1,-1,-1,-11
563,247b189a-71b7-4959-8e0d-dbc67bb52f6d,Oms su casi Covid-19 in Europa: “Aumentati del 10% e copertura vaccinale insufficiente”. Sugli Europei: “Migliorare monitoraggio”,Group 2,Manuel,1,3,2,2,3,4,1,1,2,2,1,-1,1,1,-1,-1,-1,-1,-1,-1,-1,-1,-1,-1,-1,-1,-1,-1,-1,-1,-1,-1,-3,-13
565,132835cc-8943-4601-bbfd-430e306dbd78,I timori di Draghi: «Non ripetiamo gli errori dell’estate»,Group 2,Manuel,1,3,1,1,4,4,1,1,1,2,1,-1,1,1,-1,-1,-1,-1,-1,-1,-1,-1,-1,-1,-1,-1,-1,-1,-1,-1,-1,-1,-3,-13
567,a7beb535-abf9-413b-901c-511699ea3b74,"Malika e la raccolta fondi| GoFundMe: ""Controlli rigorosi. La finalità era chiara""",Group 1,Manuel,1,3,1,2,4,4,1,1,1,2,1,-1,1,1,-1,-1,-1,-1,-1,-1,-1,-1,-1,-1,-1,-1,-1,-1,-1,-1,-1,-1,-3,-13
569,1249508d-5fb2-47c1-b931-d9f70070aebb,Istat: l’economia riparte ma l’Italia è più povera| meno longeva e stabilisce il record negativo delle nascite,Group 1,Manuel,1,4,-1,2,4,4,1,1,2,1,-1,-1,1,-1,-1,-1,-1,-1,-1,-1,-1,-1,-1,-1,-1,-1,-1,-1,-1,-1,-1,-1,-7,-13
571,ba2cea63-3765-4768-9143-6d3587b0ac9e,L’incubo Delta: «Un caso di Covid su quattro è di variante indiana»,Group 2,Manuel,1,3,1,1,4,4,1,3,2,2,1,-1,1,1,-1,-1,-1,-1,1,-1,-1,-1,-1,-1,-1,-1,-1,-1,-1,-1,-1,-1,-1,-13
573,384307de-ed33-426f-8131-76cc518ac9a8,Papa Francesco rimarrà in ospedale almeno una settimana dopo un intervento chirurgico al colon| dice il Vaticano,Group 1,Manuel,1,3,-1,1,3,4,1,1,2,2,1,-1,-1,-1,-1,-1,-1,-1,-1,-1,-1,-1,-1,-1,-1,-1,-1,-1,-1,-1,-1,-1,-7,-13
575,5da2da07-b1ea-4dda-b366-43e7824dde7d,Sì alle alternative| ma non vaccinarsi non è un'opzione,Group 1,Manuel,2,4,-1,1,4,4,1,3,1,2,-1,-1,-1,-1,-1,-1,-1,-1,-1,-1,-1,-1,-1,-1,-1,-1,-1,-1,-1,-1,-1,-1,-9,-13
577,3a9f1038-4ce3-477a-a115-3afbc143ece6,Covid| 808 casi e 12 morti. Gelmini: troppi sessantenni non vaccinati| andiamoli a trovare a casa,Group 1,Manuel,1,3,-1,1,4,4,1,1,2,2,1,-1,1,-1,-1,-1,-1,-1,-1,-1,-1,-1,-1,-1,-1,-1,-1,-1,-1,-1,-1,-1,-5,-13
579,895a5931-8b45-4bcb-a432-09a37c766b52,Covid| Gimbe su over 60: “Anticipare la seconda dose e puntare sui vaccini a Rna messaggero per le prime somministrazioni”,Group 2,Manuel,1,3,1,1,4,4,1,2,2,2,1,-1,1,1,-1,-1,-1,-1,-1,-1,-1,-1,-1,-1,-1,-1,-1,-1,-1,-1,-1,-1,-3,-13
583,9c48d9ed-2b25-4701-8f88-1ff73ad25629,La variante Delta preoccupa il Regno Unito. E l'Italia?,Group 1,Manuel,3,3,1,2,4,4,1,1,2,2,1,-1,-1,-1,-1,-1,-1,-1,-1,-1,-1,-1,-1,-1,-1,-1,-1,-1,-1,-1,-1,-1,-7,-13
585,38c347a7-7070-4837-8679-3a6b6e38d987,Vaccini| Ema: con due dosi protetti contro variante Delta,Group 1,Manuel,1,4,-1,1,4,4,1,1,1,2,1,-1,1,-1,-1,-1,-1,-1,-1,-1,-1,-1,-1,-1,-1,-1,-1,-1,-1,-1,-1,-1,-5,-13
587,cb1f712a-ff8a-417e-994f-2f9e51673dd1,Presa a calci e trascinata per i capelli| divieto di avvicinamento per l'ex marito,Group 2,Manuel,1,4,-1,2,4,4,1,1,2,2,-1,-1,-1,-1,-1,-1,-1,-1,-1,-1,-1,-1,-1,-1,-1,-1,-1,-1,-1,-1,-1,-1,-9,-13
589,f3e8082e-a2dd-4f93-9023-efd0a5a8f001,"Vaccino| generale Figliuolo durissimo contro le Regioni: ""Le dosi ci sono| 500mila somministrazioni al giorno. Viaggiare spediti""",Group 1,Manuel,1,3,2,1,4,3,1,1,2,1,1,-1,1,1,-1,-1,-1,-1,1,-1,-1,-1,-1,-1,-1,-1,-1,-1,-1,-1,-1,-1,-1,-13
591,29280252-ccea-49c1-8ee1-aa7a5d970be3,Uccisa a martellate in casa a Livorno| in carcere per l'omicidio l'ex marito: «Progettava la fuga»,Group 1,Manuel,1,4,1,2,4,4,1,3,2,2,1,-1,1,1,-1,-1,-1,-1,-1,-1,-1,-1,-1,-1,-1,-1,-1,-1,-1,-1,-1,-1,-3,-13
593,72ab85c4-04fa-44ed-b4ae-5f570db46aab,"Papa Francesco operato per ""stenosi diverticolare sintomatica del colon"": ""Il vero rischio è l'anestesia""",Group 1,Manuel,1,3,1,2,3,4,1,1,2,2,1,-1,1,1,-1,-1,-1,-1,1,-1,-1,-1,-1,-1,-1,-1,-1,-1,-1,-1,-1,-1,-1,-13
595,7eb0acca-badf-4f30-bb1c-85308fa7f85f,Covid| nuova versione del vaccino di Oxford e Astrazeneca per test sulla variante Beta “che riesce a evadere l’immunità dei vaccini”,Group 2,Manuel,3,3,2,2,4,4,1,3,2,1,1,-1,-1,1,-1,-1,-1,-1,-1,-1,-1,-1,-1,-1,-1,-1,-1,-1,-1,-1,-1,-1,-5,-13
597,ac830c44-746a-4868-adc6-ad99ad208112,Covid| il grido dei parenti delle vittime a Bergamo a Roma: “La politica deve pagare”,Group 1,Manuel,1,4,-1,1,4,4,1,3,2,2,1,-1,1,-1,-1,-1,-1,-1,-1,-1,-1,-1,-1,-1,-1,-1,-1,-1,-1,-1,-1,-1,-5,-13
599,b75dbb31-f27b-4caf-8a66-b275e1134591,I ragazzi aspiranti neonazisti della Milano bene: giuramenti| armi e il raid già pianificato,Group 2,Manuel,1,4,-1,2,4,4,1,3,1,1,1,-1,1,-1,-1,-1,-1,-1,1,-1,-1,-1,-1,-1,-1,-1,-1,-1,-1,-1,-1,-1,-3,-13
603,63bc8574-66ef-4d3f-8272-c798fc17256d,Ripartire con il Green pass,Group 1,Manuel,1,3,-1,2,4,4,1,3,2,1,-1,-1,-1,-1,-1,-1,-1,-1,-1,-1,-1,-1,-1,-1,-1,-1,-1,-1,-1,-1,-1,-1,-9,-13
607,6ede1205-d74f-4bb1-8c37-15fc5b4738ac,Il degrado di Milano oltre i limiti di guardia,Group 1,Manuel,2,3,-1,1,2,3,2,3,1,1,1,-1,-1,-1,-1,-1,-1,-1,-1,-1,-1,1,-1,-1,-1,-1,-1,-1,-1,-1,-1,-1,-7,-11
611,0dc73a1c-4c03-4b2f-8344-f3c898900c01,Habemus Papam,Group 1,Manuel,2,2,-1,1,2,2,2,3,2,2,-1,-1,-1,-1,-1,-1,-1,-1,1,-1,-1,1,1,1,-1,-1,-1,-1,-1,-1,-1,1,-7,-5
613,cb932977-03e8-46fd-bd91-34e28dba01bd,Il Cts cambia idea suAstrazeneca.Ormai è chiaro: dipende dai politici,Group 2,Manuel,2,2,-1,1,2,2,2,3,2,2,1,-1,1,-1,-1,-1,-1,-1,-1,-1,-1,-1,-1,-1,-1,-1,-1,-1,-1,-1,1,-1,-5,-11
623,2e46bc4c-a4bb-4d18-ab2b-94dc738db629,I chiusuristi tifano per l’emergenza continua,Group 2,Manuel,3,2,-1,1,2,3,2,3,2,2,-1,-1,-1,-1,-1,-1,-1,-1,1,-1,-1,-1,-1,-1,-1,-1,-1,-1,-1,-1,1,-1,-7,-11
625,3dba1506-79ad-4986-8e89-8af3ace87096,Enrichetto si schianta sulla legge Lgbt e l’alleanza con il M5s,Group 1,Manuel,2,3,-1,1,2,2,2,3,2,2,1,-1,-1,-1,-1,-1,-1,-1,1,-1,-1,-1,-1,-1,-1,-1,-1,-1,-1,-1,-1,1,-5,-11
