,id,title_gpt,label_gpt,annotator_gpt,Q1.1_gpt,Q1.2_gpt,Q1.3.1_gpt,Q1.4_gpt,Q1.5_gpt,Q1.6_gpt,Q1.7_gpt,Q2.8_gpt,Q2.9.1_gpt,Q2.10_gpt,Q1.3_1_gpt,Q1.3_2_gpt,Q1.3_3_gpt,Q1.3_4_gpt,Q1.3_5_gpt,Q1.3_6_gpt,Q1.3_7_gpt,Q1.3_8_gpt,Q1.3_9_gpt,Q1.7.1_0_gpt,Q1.7.1_1_gpt,Q1.7.1_2_gpt,Q1.7.1_3_gpt,Q1.7.1_4_gpt,Q1.7.1_5_gpt,Q1.7.1_6_gpt,Q1.7.1_7_gpt,Q1.7.1_8_gpt,Q1.7.1_9_gpt,Q1.7.1_10_gpt,Q1.7.1_11_gpt,Q1.7.1_12_gpt,title_human,label_human,annotator_human,Q1.1_human,Q1.2_human,Q1.3.1_human,Q1.4_human,Q1.5_human,Q1.6_human,Q1.7_human,Q2.8_human,Q2.9.1_human,Q2.10_human,Q1.3_1_human,Q1.3_2_human,Q1.3_3_human,Q1.3_4_human,Q1.3_5_human,Q1.3_6_human,Q1.3_7_human,Q1.3_8_human,Q1.3_9_human,Q1.7.1_0_human,Q1.7.1_1_human,Q1.7.1_2_human,Q1.7.1_3_human,Q1.7.1_4_human,Q1.7.1_5_human,Q1.7.1_6_human,Q1.7.1_7_human,Q1.7.1_8_human,Q1.7.1_9_human,Q1.7.1_10_human,Q1.7.1_11_human,Q1.7.1_12_human
0,3ca70f03-38f3-4a7b-bdd3-f012b22e0c7e,Israele: Lapid| ostacoli ma fiducioso su nuovo governo,Group 2,Marinella,1,4,-1,1,4,4,2,3,2,2,1,-1,1,-1,-1,-1,-1,-1,-1,-1,-1,-1,-1,-1,-1,-1,-1,-1,-1,-1,1,-1,Israele: Lapid| ostacoli ma fiducioso su nuovo governo,Group 2,Manuel,1,4,-1,2,4,4,1,3,2,2,1,-1,1,-1,-1,-1,-1,-1,-1,-1,-1,-1,-1,-1,-1,-1,-1,-1,-1,-1,-1,-1
1,34b92f4c-32db-454c-a369-ca2032443f6c,Le borsette fatte a 3 euro l'ora vendute a 820 euro: e gli industriali in silenzio,Group 1,Marinella,2,3,-1,1,3,2,2,3,1,1,-1,-1,1,-1,-1,-1,-1,-1,1,-1,-1,-1,-1,-1,-1,-1,-1,-1,-1,-1,1,-1,Le borsette fatte a 3 euro l'ora vendute a 820 euro: e gli industriali in silenzio,Group 1,Manuel,2,3,-1,1,3,2,2,3,1,1,-1,-1,1,-1,-1,-1,-1,-1,-1,-1,-1,-1,-1,-1,-1,-1,-1,-1,-1,-1,1,-1
2,1e96c067-412e-4a93-9dc3-2838ef233942,Caso Ciro Grillo| i video e quella telefonata rivelatrice: «Dai| mandali anche a me. Solo io non li ho visti»,Group 1,Marinella,1,4,2,2,4,3,1,3,2,1,1,-1,1,1,-1,-1,-1,-1,-1,-1,-1,-1,-1,-1,-1,-1,-1,-1,-1,-1,-1,-1,Caso Ciro Grillo| i video e quella telefonata rivelatrice: «Dai| mandali anche a me. Solo io non li ho visti»,Group 1,Manuel,1,3,2,2,4,4,1,1,1,1,1,-1,-1,1,-1,-1,-1,-1,-1,-1,-1,-1,-1,-1,-1,-1,-1,-1,-1,-1,-1,-1
3,1ad53ecb-251d-4b3f-bbb1-22a38e4c398a,Istituto Mattei| i vincitori del concorso letterario “Il mondo che vorrei”,Group 1,Marinella,1,4,2,1,4,4,1,1,2,2,1,-1,-1,1,-1,-1,-1,-1,-1,-1,-1,-1,-1,-1,-1,-1,-1,-1,-1,-1,-1,-1,Istituto Mattei| i vincitori del concorso letterario “Il mondo che vorrei”,Group 1,Manuel,1,4,-1,1,4,4,1,1,2,2,1,-1,-1,-1,-1,-1,-1,-1,-1,-1,-1,-1,-1,-1,-1,-1,-1,-1,-1,-1,-1,-1
4,159be2e0-51ad-4cc7-a80c-39c6dac7de9f,Il centrodestra ha fatto un nuovo tentativo di ostruzionismo sul ddl Zan,Group 2,Marinella,1,3,-1,1,3,4,2,3,2,2,1,-1,-1,-1,-1,-1,-1,-1,-1,1,-1,-1,-1,-1,-1,-1,-1,-1,-1,-1,-1,-1,Il centrodestra ha fatto un nuovo tentativo di ostruzionismo sul ddl Zan,Group 2,Manuel,1,3,-1,1,3,4,2,1,2,2,1,-1,-1,-1,-1,-1,-1,-1,-1,-1,-1,-1,-1,-1,-1,-1,-1,-1,-1,-1,-1,1
5,367975f9-7098-42a2-96e4-1cf4bfa33f6d,Vaccini| attenzione all'ingorgo Over 40 allo start e tutti di rincorsa,Group 2,Marinella,1,3,-1,1,4,4,1,3,2,2,-1,-1,-1,-1,-1,-1,-1,-1,-1,-1,-1,-1,-1,-1,-1,-1,-1,-1,-1,-1,-1,-1,Vaccini| attenzione all'ingorgo Over 40 allo start e tutti di rincorsa,Group 2,Manuel,1,3,-1,1,4,4,1,2,2,1,-1,-1,-1,-1,-1,-1,-1,-1,1,-1,-1,-1,1,-1,-1,-1,-1,-1,-1,-1,-1,-1
6,0f9cabe5-0f68-4f60-a7e6-13a5ebee963f,Ferrara. Il fondo non autosufficienza torna a crescere dopo i tagli,Group 2,Marinella,1,3,-1,1,4,4,1,2,1,1,1,-1,-1,-1,-1,-1,-1,-1,-1,-1,-1,-1,-1,-1,-1,-1,-1,-1,-1,-1,-1,-1,Ferrara. Il fondo non autosufficienza torna a crescere dopo i tagli,Group 2,Manuel,1,4,-1,2,3,4,1,1,1,1,1,-1,-1,-1,-1,-1,-1,-1,-1,-1,-1,-1,-1,-1,-1,-1,-1,-1,-1,-1,-1,-1
7,38bcdcc3-2ab4-4b1e-91be-41294caf0138,Colori regioni| nuovi parametri: ridotto il rischio di chiusure in estate,Group 1,Marinella,1,3,-1,1,4,4,1,3,2,1,-1,-1,1,-1,-1,-1,-1,-1,-1,-1,-1,-1,-1,-1,-1,-1,-1,-1,-1,-1,-1,-1,Colori regioni| nuovi parametri: ridotto il rischio di chiusure in estate,Group 1,Manuel,1,4,-1,2,4,4,1,3,2,2,-1,-1,1,-1,-1,-1,-1,-1,-1,-1,-1,-1,-1,-1,-1,-1,-1,-1,-1,-1,-1,-1
8,10ee10e9-f467-4a5a-8d39-c2105ab56ef4,Ladri in azione a Podenzano e Suzzano| un residente li insegue nei campi,Group 1,Marinella,1,3,1,2,4,3,1,2,2,1,1,-1,-1,-1,-1,-1,-1,-1,-1,-1,1,-1,-1,-1,-1,-1,-1,-1,-1,-1,-1,-1,Ladri in azione a Podenzano e Suzzano| un residente li insegue nei campi,Group 1,Manuel,1,2,-1,2,4,2,1,1,2,2,1,-1,-1,-1,-1,-1,-1,-1,1,-1,-1,-1,-1,-1,-1,-1,-1,-1,-1,-1,-1,-1
9,1d90a647-0871-4be6-87f7-61c862d68494,Vaccini in Puglia| trasferite a Bari dalla Sicilia 50mila dosi AstraZeneca,Group 1,Marinella,1,4,-1,2,4,4,1,1,2,1,1,-1,-1,-1,-1,-1,-1,-1,-1,-1,-1,-1,-1,-1,-1,-1,-1,-1,-1,-1,-1,-1,Vaccini in Puglia| trasferite a Bari dalla Sicilia 50mila dosi AstraZeneca,Group 1,Manuel,1,4,-1,2,4,4,1,1,2,2,1,-1,-1,-1,-1,-1,-1,-1,-1,-1,-1,-1,-1,-1,-1,-1,-1,-1,-1,-1,-1,-1
10,11a8df48-f6eb-402a-87a8-52887d5d6fc0,Iniziati i lavori di restauro del frontale del tribunale di Isernia,Group 2,Marinella,1,3,1,2,4,4,1,2,2,1,1,-1,-1,-1,-1,-1,-1,-1,-1,-1,1,-1,-1,-1,-1,-1,-1,-1,-1,-1,-1,-1,Iniziati i lavori di restauro del frontale del tribunale di Isernia,Group 2,Manuel,1,4,-1,2,4,4,1,1,2,2,1,-1,-1,-1,-1,-1,-1,-1,-1,-1,-1,-1,-1,-1,-1,-1,-1,-1,-1,-1,-1,-1
11,335df7a1-36af-425a-886f-379c632b4836,Vaccini| due terzi di fiale AstraZeneca nei frigo. Il viceministro della Salute Sileri contro Aifa: “Un mese fa chiesi di cambiare| zero risposte”,Group 1,Marinella,1,3,1,1,3,3,2,3,2,2,1,-1,1,1,-1,-1,-1,-1,-1,-1,-1,-1,-1,-1,-1,-1,-1,-1,-1,-1,1,-1,Vaccini| due terzi di fiale AstraZeneca nei frigo. Il viceministro della Salute Sileri contro Aifa: “Un mese fa chiesi di cambiare| zero risposte”,Group 1,Manuel,1,4,1,1,3,3,2,3,2,2,1,-1,1,1,-1,-1,-1,-1,-1,-1,-1,-1,-1,-1,-1,-1,-1,-1,-1,-1,1,-1
12,1439c512-874e-42ea-a605-572b9486c163,Scuola. «Il decreto Sostegni bis del governo Draghi deve guardare anche alla paritarie»,Group 1,Marinella,1,4,1,2,3,3,1,3,1,1,1,-1,1,-1,-1,-1,-1,-1,-1,-1,-1,-1,-1,-1,-1,-1,-1,-1,-1,-1,-1,-1,Scuola. «Il decreto Sostegni bis del governo Draghi deve guardare anche alla paritarie»,Group 1,Manuel,1,3,1,2,3,4,1,3,2,2,-1,-1,-1,1,-1,-1,-1,-1,1,-1,-1,-1,-1,-1,-1,-1,-1,-1,-1,-1,-1,-1
13,3c55c68b-f091-435a-98f1-ae6d93a8e939,Così i Querdenken possono destabilizzare la Germania,Group 2,Marinella,3,4,-1,1,4,4,1,3,1,1,1,-1,-1,-1,-1,-1,-1,1,-1,-1,-1,-1,-1,-1,-1,-1,-1,-1,-1,-1,-1,-1,Così i Querdenken possono destabilizzare la Germania,Group 2,Manuel,1,3,-1,1,4,4,1,3,1,1,1,-1,-1,-1,-1,-1,-1,1,-1,-1,-1,-1,-1,-1,-1,-1,-1,-1,-1,-1,-1,-1
14,1481deaf-f753-4e49-84e4-b16c57e15031,Forlì| guasto al freezer: 800 dosi di vaccino Moderna da buttare,Group 1,Marinella,1,4,-1,1,4,4,1,3,2,2,1,-1,1,-1,-1,-1,-1,-1,-1,-1,-1,-1,-1,-1,-1,-1,-1,-1,-1,-1,-1,-1,Forlì| guasto al freezer: 800 dosi di vaccino Moderna da buttare,Group 1,Manuel,1,4,-1,2,4,4,1,3,2,2,1,-1,1,-1,-1,-1,-1,-1,-1,-1,-1,-1,-1,-1,-1,-1,-1,-1,-1,-1,-1,-1
15,378b3ae6-a281-429e-a5c7-1ee2f060ff6f,"Da Narcao all'Antartide: ""In viaggio a passo d'uomo con 40 gradi sottozero""",Group 1,Marinella,3,2,1,1,4,3,1,3,2,1,1,-1,1,1,-1,-1,-1,-1,-1,-1,-1,-1,-1,-1,-1,-1,-1,-1,-1,-1,-1,-1,"Da Narcao all'Antartide: ""In viaggio a passo d'uomo con 40 gradi sottozero""",Group 1,Manuel,3,3,-1,1,4,4,1,3,1,1,-1,-1,1,-1,-1,-1,-1,-1,-1,-1,-1,-1,-1,-1,-1,-1,-1,-1,-1,-1,-1,-1
16,3a3eb262-dba1-475f-b524-b9be52ba01e2,Tumore al seno: i dubbi sui prodotti per capelli,Group 2,Marinella,3,2,-1,1,4,4,1,3,1,1,-1,-1,1,-1,-1,-1,-1,-1,-1,-1,-1,-1,-1,-1,-1,-1,-1,-1,-1,-1,-1,-1,Tumore al seno: i dubbi sui prodotti per capelli,Group 2,Manuel,3,3,-1,1,4,4,1,3,1,1,-1,-1,1,-1,-1,-1,-1,-1,-1,-1,-1,-1,-1,-1,-1,-1,-1,-1,-1,-1,-1,-1
17,00c56f5e-e069-43b8-b8e8-1f14e4d188c5,Ufo| i rottami nascosti dal Pentagono: la conferma della Dia dopo le rivelazioni di DeLonge| ex Blink-182. I metamateriali,Group 1,Marinella,3,4,-1,1,3,3,1,3,1,1,1,-1,1,-1,-1,-1,-1,-1,-1,-1,-1,-1,-1,-1,-1,-1,-1,-1,-1,-1,-1,-1,Ufo| i rottami nascosti dal Pentagono: la conferma della Dia dopo le rivelazioni di DeLonge| ex Blink-182. I metamateriali,Group 1,Manuel,3,3,-1,1,2,2,1,3,1,1,1,-1,1,-1,-1,-1,-1,-1,-1,-1,-1,-1,-1,-1,-1,-1,-1,-1,-1,-1,-1,-1
18,0e47375c-770b-482c-b6db-fe12eb8af782,Mario Della Cioppa nuovo questore di Roma,Group 2,Marinella,1,1,1,2,4,4,1,1,2,1,1,-1,-1,-1,-1,-1,-1,-1,-1,-1,-1,-1,-1,-1,-1,-1,-1,-1,-1,-1,-1,-1,Mario Della Cioppa nuovo questore di Roma,Group 2,Manuel,1,4,-1,1,4,4,1,1,2,2,1,-1,-1,-1,-1,-1,-1,-1,-1,-1,-1,-1,-1,-1,-1,-1,-1,-1,-1,-1,-1,-1
19,3d619611-2488-4a31-b48d-11fa954b64b9,"Medio Oriente| l'esercito israeliano attacca Gaza con aviazione e carri armati. Netanyahu: ""Andremo avanti per tutto il tempo necessario""",Group 1,Marinella,1,3,2,2,4,4,1,3,2,1,1,-1,1,1,-1,-1,-1,-1,-1,-1,-1,-1,-1,-1,-1,-1,-1,-1,-1,-1,-1,-1,"Medio Oriente| l'esercito israeliano attacca Gaza con aviazione e carri armati. Netanyahu: ""Andremo avanti per tutto il tempo necessario""",Group 1,Manuel,1,3,2,2,4,4,1,3,2,2,1,-1,1,1,-1,-1,-1,-1,-1,-1,-1,-1,-1,-1,-1,-1,-1,-1,-1,-1,-1,-1
20,471a8cca-99c4-41eb-92d8-a077e3a90bee,Settanta somali occupano il ponte a Firenze: “Restiamo qui finché non ci darete la casa”,Group 2,Marinella,1,3,2,2,2,3,2,1,2,2,1,-1,1,1,-1,-1,-1,-1,1,-1,-1,-1,-1,-1,1,-1,-1,-1,-1,-1,-1,-1,Settanta somali occupano il ponte a Firenze: “Restiamo qui finché non ci darete la casa”,Group 2,Manuel,2,2,1,2,2,2,2,1,1,1,1,-1,1,1,-1,-1,-1,-1,1,-1,-1,-1,-1,-1,1,-1,-1,-1,-1,-1,-1,-1
21,579677f8-35e4-4408-8bd7-e0e0f2b3a0cb,La Maddalena Covid free: il 5 e 6 giugno seconda dose per 3.847 residenti,Group 2,Marinella,1,4,-1,2,4,4,1,1,2,1,1,-1,1,-1,-1,-1,-1,-1,-1,-1,-1,-1,-1,-1,-1,-1,-1,-1,-1,-1,-1,-1,La Maddalena Covid free: il 5 e 6 giugno seconda dose per 3.847 residenti,Group 2,Manuel,1,4,-1,2,4,4,1,1,2,1,1,-1,1,-1,-1,-1,-1,-1,-1,-1,-1,-1,-1,-1,-1,-1,-1,-1,-1,-1,-1,-1
22,f56feb77-1618-4608-8f04-da95bfb2bfce,Israele bombarda 150 obiettivi di Hamas. Era la rete di tunnel sotterranei,Group 1,Marinella,1,4,-1,1,4,4,1,1,2,2,1,-1,-1,-1,-1,-1,-1,-1,-1,-1,-1,-1,-1,-1,-1,-1,-1,-1,-1,-1,-1,-1,Israele bombarda 150 obiettivi di Hamas. Era la rete di tunnel sotterranei,Group 1,Manuel,1,3,-1,2,4,4,1,1,2,2,1,-1,-1,-1,-1,-1,-1,-1,-1,-1,-1,-1,-1,-1,-1,-1,-1,-1,-1,-1,-1,-1
23,ecafbf5e-2d47-47aa-ab11-dd5002a2f76d,Disastro del reddito 5S. Bar e ristoranti rovinati: nessuno vuole lavorare,Group 1,Marinella,2,3,-1,2,2,3,2,3,1,1,1,-1,1,-1,-1,-1,-1,-1,1,-1,-1,-1,-1,-1,-1,-1,-1,-1,-1,-1,1,-1,Disastro del reddito 5S. Bar e ristoranti rovinati: nessuno vuole lavorare,Group 1,Manuel,2,3,-1,2,3,3,2,3,1,1,1,-1,1,-1,-1,-1,-1,-1,1,-1,-1,-1,-1,-1,-1,-1,-1,-1,-1,-1,1,-1
24,77644ccb-2ba6-46db-abea-6d81e09ed5af,Matera| in casa marijuana e piante di canapa: arrestato,Group 2,Marinella,1,4,-1,2,4,4,2,1,1,2,1,-1,1,-1,-1,-1,-1,-1,-1,-1,-1,-1,-1,-1,-1,-1,-1,-1,-1,-1,-1,-1,Matera| in casa marijuana e piante di canapa: arrestato,Group 2,Manuel,1,4,-1,2,4,4,1,1,2,2,1,-1,1,-1,-1,-1,-1,-1,-1,-1,-1,-1,-1,-1,-1,-1,-1,-1,-1,-1,-1,-1
25,efe3c13b-bb99-4cef-9ea2-0bf394b7549c,Covid| prosegue il trend positivo. Le mascherine al ristorante? Bassetti: «Ci copriamo di ridicolo»,Group 2,Marinella,1,4,2,1,4,4,1,3,2,2,1,1,1,1,-1,-1,-1,-1,-1,-1,-1,-1,-1,-1,-1,-1,-1,-1,-1,-1,-1,-1,Covid| prosegue il trend positivo. Le mascherine al ristorante? Bassetti: «Ci copriamo di ridicolo»,Group 2,Manuel,1,4,2,1,3,4,1,3,2,2,1,1,1,1,-1,-1,-1,-1,1,-1,-1,-1,-1,-1,-1,-1,-1,-1,-1,-1,-1,-1
26,f72a942d-c56e-427a-a200-43f395291fec,"AstraZeneca| in Germania è ""assalto"" al vaccino anglo-svedese: «Dosi non più sufficienti»",Group 1,Marinella,1,4,1,1,4,4,1,1,2,2,1,-1,1,1,-1,-1,-1,-1,-1,-1,-1,-1,-1,-1,-1,-1,-1,-1,-1,-1,-1,-1,"AstraZeneca| in Germania è ""assalto"" al vaccino anglo-svedese: «Dosi non più sufficienti»",Group 1,Manuel,1,4,1,1,4,4,1,1,2,2,1,-1,1,1,-1,-1,-1,-1,-1,-1,-1,-1,-1,-1,-1,-1,-1,-1,-1,-1,-1,-1
27,82adba9a-4c8c-42ca-9be8-73d9521349e1,"Variante Delta| primi sintomi diversi: ""Serve molta prudenza""",Group 1,Marinella,3,4,1,1,4,4,1,1,1,2,1,-1,1,1,-1,-1,-1,-1,-1,-1,-1,-1,-1,-1,-1,-1,-1,-1,-1,-1,-1,-1,"Variante Delta| primi sintomi diversi: ""Serve molta prudenza""",Group 1,Manuel,3,4,-1,2,4,4,1,1,1,2,-1,-1,1,-1,-1,-1,-1,-1,-1,-1,-1,-1,-1,-1,-1,-1,-1,-1,-1,-1,-1,-1
28,a2947153-6e7e-41c4-9b08-2386870661f3,Spilamberto| scontro frontale tra due tir: morto uno dei due conducenti. L'altro arrestao per omicidio stradale,Group 1,Marinella,1,4,-1,1,4,4,1,1,2,2,1,-1,1,-1,-1,-1,-1,-1,-1,-1,-1,-1,-1,-1,-1,-1,-1,-1,-1,-1,-1,-1,Spilamberto| scontro frontale tra due tir: morto uno dei due conducenti. L'altro arrestao per omicidio stradale,Group 1,Manuel,1,4,-1,2,4,4,1,1,2,2,1,-1,1,-1,-1,-1,-1,-1,-1,-1,-1,-1,-1,-1,-1,-1,-1,-1,-1,-1,-1,-1
29,bfa90c78-38f5-42d6-9297-6f15649334e9,Pandemia Covid| Ilaria Capua: «Ne arriverà un'altra| ma c'è tempo per invertire la rotta»,Group 1,Marinella,3,3,2,1,4,4,1,3,1,2,1,-1,1,1,-1,-1,-1,-1,-1,-1,-1,-1,-1,-1,-1,-1,-1,-1,-1,-1,-1,-1,Pandemia Covid| Ilaria Capua: «Ne arriverà un'altra| ma c'è tempo per invertire la rotta»,Group 1,Manuel,3,2,1,1,3,4,1,3,1,1,1,-1,1,1,-1,-1,-1,-1,-1,-1,-1,-1,-1,-1,-1,-1,-1,-1,-1,-1,-1,-1
30,a404036f-c55b-4fed-a533-4f27ee7b0920,I mozziconi di cinquantuno sigarette portano al Dna dei sicari,Group 1,Marinella,2,3,-1,1,4,4,1,3,2,1,-1,-1,-1,-1,-1,-1,-1,-1,-1,-1,-1,-1,-1,-1,-1,-1,-1,-1,-1,-1,-1,-1,I mozziconi di cinquantuno sigarette portano al Dna dei sicari,Group 1,Manuel,3,3,-1,1,4,4,1,3,2,1,-1,-1,-1,-1,-1,-1,-1,-1,-1,-1,-1,-1,-1,-1,-1,-1,-1,-1,-1,-1,-1,-1
31,72fad9da-6848-4622-a4da-b10982d7ed0b,Covid-19| il dramma di Fiordaliso: «Morta mia madre| io e papà ce l'abbiamo fatta»,Group 1,Marinella,1,3,1,2,3,3,1,1,2,1,1,-1,1,1,-1,-1,-1,-1,1,-1,-1,-1,-1,-1,-1,-1,-1,-1,-1,-1,-1,-1,Covid-19| il dramma di Fiordaliso: «Morta mia madre| io e papà ce l'abbiamo fatta»,Group 1,Manuel,3,4,2,2,4,3,1,1,1,2,1,-1,1,1,-1,-1,-1,-1,-1,-1,-1,-1,-1,-1,-1,-1,-1,-1,-1,-1,-1,-1
32,9a06e858-2f15-46e8-a769-5e21a9e49992,Giulio Berruti all’Isola dei Famosi 2021? “La proposta di matrimonio a Maria Elena Boschi potrebbe arrivare proprio in diretta tv”,Group 1,Marinella,5,3,1,2,3,3,1,3,1,2,1,1,-1,1,-1,-1,-1,-1,-1,-1,-1,-1,-1,-1,-1,-1,-1,-1,-1,-1,-1,-1,Giulio Berruti all’Isola dei Famosi 2021? “La proposta di matrimonio a Maria Elena Boschi potrebbe arrivare proprio in diretta tv”,Group 1,Manuel,5,2,2,2,2,4,1,3,1,1,1,1,-1,-1,-1,-1,-1,-1,-1,-1,-1,-1,-1,-1,-1,-1,-1,-1,-1,-1,-1,-1
33,874d6550-16ab-4ea0-a139-b9bf606622e9,Per i catechisti un salto di qualità. La Cei lancia una consultazione in Italia,Group 1,Marinella,3,4,-1,1,4,4,1,3,2,2,1,-1,-1,-1,-1,-1,-1,-1,-1,-1,-1,-1,-1,-1,-1,-1,-1,-1,-1,-1,-1,-1,Per i catechisti un salto di qualità. La Cei lancia una consultazione in Italia,Group 1,Manuel,3,4,-1,1,4,4,1,3,2,2,1,-1,-1,-1,-1,-1,-1,-1,-1,-1,-1,-1,-1,-1,-1,-1,-1,-1,-1,-1,-1,-1
34,75c7a384-1cf2-404d-b164-8a4f74d0c16c,Vaccini| è l’ora degli over 40. Lombardia| dal 2 giugno tocca agli under 30,Group 1,Marinella,1,4,-1,2,4,4,1,3,2,2,1,-1,-1,-1,-1,-1,-1,-1,-1,-1,-1,-1,-1,-1,-1,-1,-1,-1,-1,-1,-1,-1,Vaccini| è l’ora degli over 40. Lombardia| dal 2 giugno tocca agli under 30,Group 1,Manuel,1,4,-1,2,4,4,1,3,2,2,1,-1,-1,-1,-1,-1,-1,-1,-1,-1,-1,-1,-1,-1,-1,-1,-1,-1,-1,-1,-1,-1
35,50f01f08-8681-4e9f-a6b4-174587ffae2e,Scandalo concerie| colpo di scena al tavolo di distretto: la sindaca di Santa Croce lascia il ruolo di coordinatrice,Group 2,Marinella,1,3,-1,1,4,4,1,3,2,2,1,-1,1,-1,-1,-1,-1,-1,1,-1,-1,-1,-1,-1,-1,-1,-1,-1,-1,-1,-1,-1,Scandalo concerie| colpo di scena al tavolo di distretto: la sindaca di Santa Croce lascia il ruolo di coordinatrice,Group 2,Manuel,1,3,-1,2,4,4,1,1,2,2,1,-1,1,-1,-1,-1,-1,-1,-1,-1,-1,-1,-1,-1,-1,-1,-1,-1,-1,-1,-1,-1
36,ad170310-dae8-4616-90fa-8817e32bb699,"A Cassaro 100% di vaccinati: è il primo Comune siciliano ""covid free""",Group 2,Marinella,1,4,2,1,4,4,1,2,2,2,1,-1,1,1,-1,-1,-1,-1,-1,-1,1,-1,-1,-1,-1,-1,-1,-1,-1,-1,-1,-1,"A Cassaro 100% di vaccinati: è il primo Comune siciliano ""covid free""",Group 2,Manuel,1,4,-1,1,4,4,1,1,2,2,1,-1,1,-1,-1,-1,-1,-1,-1,-1,-1,-1,-1,-1,-1,-1,-1,-1,-1,-1,-1,-1
37,ad89700a-da40-4c91-9f50-4d68d2bc3582,Senza via d’uscita se le correnti restano strumenti di potere,Group 1,Marinella,2,3,-1,1,3,3,1,3,1,1,-1,-1,-1,-1,-1,-1,-1,-1,-1,-1,-1,-1,-1,-1,-1,-1,-1,-1,-1,-1,-1,-1,Senza via d’uscita se le correnti restano strumenti di potere,Group 1,Manuel,2,2,-1,1,2,2,2,3,1,1,-1,-1,-1,-1,-1,-1,-1,-1,-1,-1,-1,-1,-1,-1,-1,-1,-1,-1,-1,-1,1,-1
38,e8d55156-ccb9-40f1-8940-2acbf8888b3c,Val Trebbia| agricoltori esasperati alla Regione: “Troppi danni dagli animali”,Group 1,Marinella,1,4,1,1,4,3,1,3,1,2,1,-1,1,1,-1,-1,-1,-1,-1,-1,-1,-1,-1,-1,-1,-1,-1,-1,-1,-1,-1,-1,Val Trebbia| agricoltori esasperati alla Regione: “Troppi danni dagli animali”,Group 1,Manuel,1,4,1,1,3,3,1,3,1,2,1,-1,1,1,-1,-1,-1,-1,1,-1,-1,-1,-1,-1,-1,-1,-1,-1,-1,-1,-1,-1
39,93194c84-8aee-4cad-8b19-1c825705e5c3,Clubhouse è durato poco| sembra,Group 2,Marinella,3,4,-1,1,4,4,1,1,1,1,1,-1,-1,-1,-1,-1,-1,-1,-1,-1,-1,-1,-1,-1,-1,-1,-1,-1,-1,-1,-1,-1,Clubhouse è durato poco| sembra,Group 2,Manuel,2,3,-1,1,4,4,1,1,1,1,1,-1,-1,-1,-1,-1,-1,-1,-1,-1,-1,-1,-1,-1,-1,-1,-1,-1,-1,-1,-1,-1
40,6bd7f24d-0415-4c52-8fb2-878bb0b715d5,Positivi a spasso o sul bus| troppi siciliani indisciplinati: Musumeci chiede più controlli per evitare il lockdown,Group 1,Marinella,1,3,-1,1,3,3,2,1,1,1,1,-1,1,-1,-1,-1,-1,-1,-1,-1,-1,-1,-1,-1,-1,-1,-1,-1,-1,-1,-1,1,Positivi a spasso o sul bus| troppi siciliani indisciplinati: Musumeci chiede più controlli per evitare il lockdown,Group 1,Manuel,1,3,-1,1,2,3,1,1,1,1,1,-1,1,-1,-1,-1,-1,-1,-1,-1,-1,-1,-1,-1,-1,-1,-1,-1,-1,-1,-1,-1
41,d845efed-a52e-4a06-9a0d-c0530f7688f8,C'è il green pass| ma non i controlli: viaggio ai confini del Fvg tra frontiere sguarnite e rischio varianti,Group 1,Marinella,3,4,-1,1,3,3,1,3,2,2,1,-1,1,-1,-1,-1,-1,-1,-1,-1,-1,-1,-1,-1,-1,-1,-1,-1,-1,-1,-1,-1,C'è il green pass| ma non i controlli: viaggio ai confini del Fvg tra frontiere sguarnite e rischio varianti,Group 1,Manuel,1,4,-1,1,3,4,1,3,2,2,1,-1,1,-1,-1,-1,-1,-1,-1,-1,-1,-1,-1,-1,-1,-1,-1,-1,-1,-1,-1,-1
42,b1b2f04b-6c03-4345-b9ec-8f5b6ff79845,Zona bianca| domande e risposte: cosa si può fare dal 31 maggio,Group 2,Marinella,1,4,-1,2,4,4,1,3,2,1,-1,-1,1,-1,-1,-1,-1,-1,-1,-1,-1,-1,-1,-1,-1,-1,-1,-1,-1,-1,-1,-1,Zona bianca| domande e risposte: cosa si può fare dal 31 maggio,Group 2,Manuel,1,4,-1,2,4,4,1,3,2,1,-1,-1,1,-1,-1,-1,-1,-1,-1,-1,-1,-1,-1,-1,-1,-1,-1,-1,-1,-1,-1,-1
43,97e797fb-d132-4b8c-8dcd-b3c2a20472be,Puglia| la mappa degli autovelox dal 24 al 30 maggio,Group 1,Marinella,1,4,-1,1,4,4,1,3,2,1,1,-1,-1,-1,-1,-1,-1,-1,-1,-1,-1,-1,-1,-1,-1,-1,-1,-1,-1,-1,-1,-1,Puglia| la mappa degli autovelox dal 24 al 30 maggio,Group 1,Manuel,1,4,-1,1,4,4,1,3,2,1,1,-1,-1,-1,-1,-1,-1,-1,-1,-1,-1,-1,-1,-1,-1,-1,-1,-1,-1,-1,-1,-1
44,9b988da9-4ea5-42c0-b596-e997962ae5a6,"""A bordo due scafisti..."". Salvini smonta il teorema dei pm",Group 1,Marinella,1,3,1,1,4,3,1,3,2,1,1,-1,-1,1,-1,-1,-1,-1,-1,-1,-1,-1,-1,-1,-1,-1,-1,-1,-1,-1,-1,-1,"""A bordo due scafisti..."". Salvini smonta il teorema dei pm",Group 1,Manuel,1,3,1,1,4,4,1,3,2,1,1,-1,-1,1,-1,-1,-1,-1,-1,-1,-1,-1,-1,-1,-1,-1,-1,-1,-1,-1,-1,-1
45,76f82d9f-6993-4e67-9835-68cb6b0bb43d,Reddito cittadinanza| operazione fiamme gialle-Inps nel vicentino anche in insediamenti nomadi,Group 2,Marinella,1,4,1,2,4,4,1,1,1,2,1,-1,-1,-1,-1,-1,-1,-1,-1,-1,-1,-1,-1,-1,-1,-1,-1,-1,-1,-1,-1,-1,Reddito cittadinanza| operazione fiamme gialle-Inps nel vicentino anche in insediamenti nomadi,Group 2,Manuel,1,4,-1,2,4,4,1,1,1,1,-1,-1,-1,-1,-1,-1,-1,-1,-1,-1,-1,-1,-1,-1,-1,-1,-1,-1,-1,-1,-1,-1
46,73a645b8-10b1-44a3-989a-935a37d66497,Firenze| Palazzo Strozzi svela l'arte americana dalla guerra in Vietnam all’11 settembre,Group 2,Marinella,1,4,-1,1,4,4,1,3,2,1,1,-1,-1,-1,-1,-1,-1,-1,-1,-1,-1,-1,-1,-1,-1,-1,-1,-1,-1,-1,-1,-1,Firenze| Palazzo Strozzi svela l'arte americana dalla guerra in Vietnam all’11 settembre,Group 2,Manuel,1,3,-1,1,4,4,1,3,1,1,1,-1,-1,-1,-1,-1,-1,-1,-1,-1,-1,-1,-1,-1,-1,-1,-1,-1,-1,-1,-1,-1
47,db26964b-9da7-48fd-8d37-634bedb4155f,L'inno alla musica di Dodi| solista a 70 anni,Group 2,Marinella,3,4,1,1,4,4,1,3,2,2,1,-1,-1,-1,-1,-1,-1,-1,-1,-1,-1,-1,-1,-1,-1,-1,-1,-1,-1,-1,-1,-1,L'inno alla musica di Dodi| solista a 70 anni,Group 2,Manuel,3,4,-1,1,4,4,1,3,2,2,1,-1,-1,-1,-1,-1,-1,-1,-1,-1,-1,-1,-1,-1,-1,-1,-1,-1,-1,-1,-1,-1
48,fcc4a05d-d33b-4bdd-8af7-4077cfb2640a,Lo scetticismo dei forti: i 150 anni di un filosofo dimenticato| Giuseppe Rensi,Group 2,Marinella,3,3,-1,1,3,3,1,3,2,2,1,-1,1,-1,-1,-1,-1,-1,-1,-1,-1,-1,-1,-1,-1,-1,-1,-1,-1,-1,-1,-1,Lo scetticismo dei forti: i 150 anni di un filosofo dimenticato| Giuseppe Rensi,Group 2,Manuel,3,3,-1,1,3,3,1,3,2,2,1,-1,1,-1,-1,-1,-1,-1,-1,-1,-1,-1,-1,-1,-1,-1,-1,-1,-1,-1,-1,-1
49,d5ec72f4-655d-47ab-93a9-3261a9d8d0d9,I CORVI DEL CSM. L’ EX MAGISTRATO DAVIGO ASCOLTATO OGGI COME TESTE DALLA PROCURA DI ROMA,Group 1,Marinella,3,3,1,1,3,3,2,1,2,1,1,-1,-1,-1,1,-1,-1,-1,1,-1,-1,-1,-1,-1,-1,-1,-1,-1,-1,1,-1,-1,I CORVI DEL CSM. L’ EX MAGISTRATO DAVIGO ASCOLTATO OGGI COME TESTE DALLA PROCURA DI ROMA,Group 1,Manuel,3,3,-1,1,3,4,2,1,2,1,1,-1,-1,-1,1,-1,-1,-1,1,-1,-1,-1,-1,-1,-1,-1,-1,-1,-1,-1,-1,1
50,4c19e5e4-e137-407a-b698-096746a3a650,Ufo ecco cosa dovete sapere sui filmati dalla Marina americana desecretati dal Pentagono,Group 2,Marinella,3,4,-1,2,3,4,1,3,2,1,1,-1,-1,-1,-1,-1,-1,1,-1,-1,-1,-1,-1,-1,-1,-1,-1,-1,-1,-1,-1,-1,Ufo ecco cosa dovete sapere sui filmati dalla Marina americana desecretati dal Pentagono,Group 2,Manuel,3,4,-1,2,4,4,1,3,2,1,-1,-1,-1,-1,-1,-1,-1,1,-1,-1,-1,-1,-1,-1,-1,-1,-1,-1,-1,-1,-1,-1
51,67e8c429-9199-4a54-961d-0cbe62f62e1d,Ex polveriera di Cantone: partiti i lavori per realizzare il percorso naturalistico,Group 1,Marinella,1,4,-1,1,4,4,1,1,2,2,1,-1,1,-1,-1,-1,-1,-1,-1,-1,-1,-1,-1,-1,-1,-1,-1,-1,-1,-1,-1,-1,Ex polveriera di Cantone: partiti i lavori per realizzare il percorso naturalistico,Group 1,Manuel,1,4,-1,1,4,4,1,1,2,2,1,-1,1,-1,-1,-1,-1,-1,-1,-1,-1,-1,-1,-1,-1,-1,-1,-1,-1,-1,-1,-1
52,7394a8e4-0fc9-4efc-a379-6b5e7efa0675,Ema autorizza il vaccino Pfizer per i 12-15enni. Ma si valutano casi di miocardite e pericardite,Group 2,Marinella,1,3,-1,2,4,4,1,1,2,2,1,-1,-1,-1,-1,-1,-1,-1,-1,-1,-1,-1,-1,-1,-1,-1,-1,-1,-1,-1,-1,-1,Ema autorizza il vaccino Pfizer per i 12-15enni. Ma si valutano casi di miocardite e pericardite,Group 2,Manuel,1,3,-1,2,4,4,1,1,2,2,1,-1,-1,-1,-1,-1,-1,-1,-1,-1,-1,-1,-1,-1,-1,-1,-1,-1,-1,-1,-1,-1
53,7c2985b4-d96e-442e-88a2-00811d796d16,Il privilegio di sedere al tavolo giusto,Group 2,Marinella,2,2,-1,2,2,2,2,3,2,2,-1,-1,-1,-1,-1,-1,-1,-1,1,-1,-1,-1,-1,-1,-1,-1,-1,-1,-1,-1,-1,1,Il privilegio di sedere al tavolo giusto,Group 2,Manuel,1,2,-1,1,3,2,2,3,2,2,-1,-1,-1,-1,-1,-1,-1,-1,1,-1,-1,-1,-1,-1,-1,-1,-1,-1,-1,-1,1,-1
54,7ae76290-b709-4305-a834-1b2da1994400,Coronavirus| medico 64enne muore il giorno dopo il vaccino: aveva gravi patologie,Group 1,Marinella,1,4,-1,1,4,4,1,3,2,2,1,-1,1,-1,-1,-1,-1,-1,-1,-1,-1,-1,-1,-1,-1,-1,-1,-1,-1,-1,-1,-1,Coronavirus| medico 64enne muore il giorno dopo il vaccino: aveva gravi patologie,Group 1,Manuel,1,4,-1,1,4,4,1,3,2,2,1,-1,1,-1,-1,-1,-1,-1,-1,-1,-1,-1,-1,-1,-1,-1,-1,-1,-1,-1,-1,-1
55,8f210aae-5e9f-4783-b47d-ce0bc6171394,«Una situazione mai vista»| le voci da Israele e dalla Striscia,Group 1,Marinella,3,4,1,1,4,4,2,3,2,2,1,-1,-1,1,-1,-1,-1,-1,-1,-1,-1,-1,-1,-1,-1,1,1,-1,-1,-1,-1,-1,«Una situazione mai vista»| le voci da Israele e dalla Striscia,Group 1,Manuel,3,4,1,1,4,4,1,3,2,2,1,-1,-1,1,-1,-1,-1,-1,-1,-1,-1,-1,-1,-1,-1,-1,-1,-1,-1,-1,-1,-1
56,c9e49f68-e87e-43ae-ba0d-55ecca379934,Novara| 52enne si vaccina: ma mezz’ora dopo viene a mancare,Group 2,Marinella,1,4,-1,2,4,4,1,3,2,2,1,-1,1,-1,-1,-1,-1,-1,-1,-1,-1,-1,-1,-1,-1,-1,-1,-1,-1,-1,-1,-1,Novara| 52enne si vaccina: ma mezz’ora dopo viene a mancare,Group 2,Manuel,1,4,-1,2,4,4,1,3,2,2,1,-1,1,-1,-1,-1,-1,-1,-1,-1,-1,-1,-1,-1,-1,-1,-1,-1,-1,-1,-1,-1
57,a0f16e2b-cc17-4526-a990-772e5593cdcd,Report su Vaticano: investimento su fondo catastrofi e pandemie,Group 1,Marinella,1,4,-1,1,3,4,1,1,2,2,1,-1,1,-1,-1,-1,-1,-1,-1,-1,-1,-1,-1,-1,-1,-1,-1,-1,-1,-1,-1,-1,Report su Vaticano: investimento su fondo catastrofi e pandemie,Group 1,Manuel,1,4,-1,1,2,3,1,1,1,1,1,-1,1,-1,-1,-1,-1,-1,-1,-1,-1,-1,-1,-1,-1,-1,-1,-1,-1,-1,1,-1
58,be91c835-0b23-4065-be59-aebc841af31d,La svolta militare: le Forze di difesa israeliane di cielo e di terra stanno attaccando la Striscia di Gaza,Group 1,Marinella,1,3,-1,1,4,4,1,3,2,2,1,-1,1,-1,-1,-1,-1,-1,-1,-1,-1,-1,-1,-1,-1,-1,-1,-1,-1,-1,-1,-1,La svolta militare: le Forze di difesa israeliane di cielo e di terra stanno attaccando la Striscia di Gaza,Group 1,Manuel,1,3,-1,1,4,4,1,3,2,2,1,-1,1,-1,-1,-1,-1,-1,-1,-1,-1,-1,-1,-1,-1,-1,-1,-1,-1,-1,-1,-1
59,d4271fe2-7141-4158-88ff-47c78609f774,Il countdown: cosa accadrà tra poco a questi televisori,Group 2,Marinella,1,2,-1,1,4,4,1,3,2,1,-1,-1,1,-1,-1,1,-1,-1,-1,-1,-1,-1,-1,-1,-1,-1,-1,-1,-1,-1,-1,-1,Il countdown: cosa accadrà tra poco a questi televisori,Group 2,Manuel,5,2,-1,2,4,4,1,3,2,1,-1,-1,1,-1,-1,-1,-1,-1,-1,-1,-1,-1,-1,-1,-1,-1,-1,-1,-1,-1,-1,-1
60,54904eb1-e7d0-4182-a166-bcaafe2068c2,Magalli-Volpe: lui la sbeffeggia per lo share| lei lo attacca. I retroscena di una lite infinita,Group 1,Marinella,1,4,-1,1,4,4,1,3,2,2,1,-1,1,-1,-1,-1,-1,-1,-1,-1,-1,-1,-1,-1,-1,-1,-1,-1,-1,-1,-1,-1,Magalli-Volpe: lui la sbeffeggia per lo share| lei lo attacca. I retroscena di una lite infinita,Group 1,Manuel,5,4,-1,1,3,2,1,3,2,1,1,-1,1,-1,-1,-1,-1,-1,-1,-1,-1,-1,-1,-1,-1,-1,-1,-1,-1,-1,-1,-1
61,f449f8f5-f4d6-40f6-a573-89e9837cd6af,Il virus rallenta ancora. Tre regioni in zona bianca,Group 2,Marinella,1,3,-1,1,4,4,1,3,2,2,-1,-1,-1,-1,-1,-1,-1,-1,-1,-1,-1,-1,-1,-1,-1,-1,-1,-1,-1,-1,-1,-1,Il virus rallenta ancora. Tre regioni in zona bianca,Group 2,Manuel,1,4,-1,2,4,4,1,3,2,2,-1,-1,-1,-1,-1,-1,-1,-1,-1,-1,-1,-1,-1,-1,-1,-1,-1,-1,-1,-1,-1,-1
62,ad1cb3b0-473a-4718-8ade-64333876aec6,"Chiara Gualzetti| l'assassino: ""Lei non moriva mai""",Group 1,Marinella,1,3,2,2,3,2,2,3,2,2,1,-1,1,1,-1,-1,-1,-1,1,-1,-1,-1,-1,-1,-1,-1,-1,-1,-1,-1,-1,1,"Chiara Gualzetti| l'assassino: ""Lei non moriva mai""",Group 1,Manuel,1,2,2,2,4,2,1,3,2,2,1,-1,1,1,-1,-1,-1,-1,1,-1,-1,-1,-1,-1,-1,-1,-1,-1,-1,-1,-1,-1
63,e7c8986b-52f2-4e06-9900-0e5cf12654da,Sinagra contro Figliuolo: “Lo aspetto per il vaccino. Vedrà che bell’accoglienza”,Group 2,Marinella,2,4,2,1,2,2,1,3,2,2,1,-1,1,1,-1,-1,-1,-1,1,-1,-1,-1,-1,-1,-1,-1,-1,-1,-1,-1,-1,1,Sinagra contro Figliuolo: “Lo aspetto per il vaccino. Vedrà che bell’accoglienza”,Group 2,Manuel,2,2,2,1,1,1,2,1,1,1,1,-1,1,1,-1,-1,-1,-1,1,-1,-1,-1,-1,-1,-1,-1,-1,-1,-1,-1,-1,1
64,a8739979-876f-4f17-be81-ed5757b7d9e1,Disastro ambientale Ilva: i Riva condannati a oltre 20 anni. Tre anni e mezzo a Nichi Vendola,Group 2,Marinella,1,3,-1,1,4,4,1,2,1,2,1,-1,1,-1,-1,-1,-1,-1,-1,-1,-1,-1,-1,-1,-1,-1,-1,-1,-1,-1,-1,-1,Disastro ambientale Ilva: i Riva condannati a oltre 20 anni. Tre anni e mezzo a Nichi Vendola,Group 2,Manuel,1,4,-1,2,3,3,1,1,2,2,1,-1,1,-1,-1,-1,-1,-1,-1,-1,-1,-1,-1,-1,-1,-1,-1,-1,-1,-1,-1,-1
65,db3e2592-7e10-4200-bfd0-ae05f621fb60,«Vaccinare entro fine luglio 7 pugliesi su 10»| la scommessa,Group 1,Marinella,1,3,1,1,4,4,1,3,2,1,-1,-1,-1,1,-1,-1,-1,-1,-1,-1,-1,-1,-1,-1,-1,-1,-1,-1,-1,-1,-1,-1,«Vaccinare entro fine luglio 7 pugliesi su 10»| la scommessa,Group 1,Manuel,1,3,-1,2,3,3,1,3,2,1,-1,-1,-1,1,-1,-1,-1,-1,-1,-1,-1,-1,-1,-1,-1,-1,-1,-1,-1,-1,-1,-1
66,ccaa6fc6-bb4e-423c-86ef-478c1be49d09,Covid| la variante «brasiliana» spaventa: cosa sta succedendo a Manaus- Corriere.it,Group 1,Marinella,1,4,-1,1,4,4,1,3,1,1,1,-1,1,-1,-1,-1,-1,1,-1,-1,-1,-1,-1,-1,-1,-1,-1,-1,-1,-1,-1,-1,Covid| la variante «brasiliana» spaventa: cosa sta succedendo a Manaus- Corriere.it,Group 1,Manuel,1,4,-1,1,4,4,1,3,1,1,1,-1,1,-1,-1,-1,-1,1,-1,-1,-1,-1,-1,-1,-1,-1,-1,-1,-1,-1,-1,-1
67,8cc31f5a-dbb3-4107-8c4c-06cb7f284947,Hamburger a Milano| i migliori da mangiare all'aperto o a domicilio,Group 2,Marinella,5,4,-1,1,4,4,1,3,1,1,1,-1,-1,-1,-1,-1,-1,-1,-1,-1,-1,-1,-1,-1,-1,-1,-1,-1,-1,-1,-1,-1,Hamburger a Milano| i migliori da mangiare all'aperto o a domicilio,Group 2,Manuel,5,4,-1,1,4,4,1,3,1,1,1,-1,-1,-1,-1,-1,-1,-1,-1,-1,-1,-1,-1,-1,-1,-1,-1,-1,-1,-1,-1,-1
68,f46b51a5-037e-4bed-8460-a4eb2eefc264,Vaccini anti-Covid in azienda| Figliuolo: “Per tutte le classi di età da giugno”,Group 1,Marinella,1,3,-1,1,4,4,1,2,2,2,1,-1,1,1,-1,-1,-1,-1,-1,-1,-1,-1,-1,-1,-1,-1,-1,-1,-1,-1,-1,-1,Vaccini anti-Covid in azienda| Figliuolo: “Per tutte le classi di età da giugno”,Group 1,Manuel,1,4,2,2,4,4,1,1,2,1,1,-1,1,1,-1,-1,-1,-1,-1,-1,-1,-1,-1,-1,-1,-1,-1,-1,-1,-1,-1,-1
69,5717ce3e-69a2-4e5a-8e70-2f8230c217ad,Laura Pausini e le Lady Oscar italiane: «Devo tutto a Sofia. Nel mio abito Valentino una bacchetta magica»,Group 2,Marinella,3,3,1,1,3,3,2,3,1,1,1,-1,1,1,-1,-1,-1,-1,-1,-1,-1,-1,-1,-1,-1,-1,-1,-1,-1,-1,-1,1,Laura Pausini e le Lady Oscar italiane: «Devo tutto a Sofia. Nel mio abito Valentino una bacchetta magica»,Group 2,Manuel,5,3,2,1,4,4,1,1,1,1,1,-1,1,1,-1,-1,-1,-1,-1,-1,-1,-1,-1,-1,-1,-1,-1,-1,-1,-1,-1,-1
70,dca167f5-de01-44dc-a636-e38c6f27f9e5,Un chirurgo cagliaritano trapianta due mani in Svezia,Group 1,Marinella,1,4,-1,1,4,4,1,3,1,1,1,-1,-1,-1,-1,-1,-1,-1,-1,-1,-1,-1,-1,-1,-1,-1,-1,-1,-1,-1,-1,-1,Un chirurgo cagliaritano trapianta due mani in Svezia,Group 1,Manuel,1,3,-1,1,4,4,1,3,2,1,-1,-1,-1,-1,-1,-1,-1,-1,1,-1,-1,-1,-1,-1,-1,-1,-1,-1,-1,-1,-1,-1
71,564d249d-d88b-48d4-a3a6-1e31c8ad3f57,La destra detta l’agenda| in Francia il clima si arroventa,Group 2,Marinella,3,4,-1,1,3,4,2,3,2,2,1,-1,-1,-1,-1,-1,-1,-1,-1,-1,-1,-1,-1,-1,-1,-1,-1,-1,-1,-1,1,-1,La destra detta l’agenda| in Francia il clima si arroventa,Group 2,Manuel,3,4,-1,1,3,4,2,3,2,2,1,-1,-1,-1,-1,-1,-1,-1,-1,-1,-1,-1,-1,-1,-1,-1,-1,-1,-1,-1,1,-1
72,b291a485-7c6d-400e-ad80-3e07b20af10e,Eroina e cocaina da San Severo a Campodipietra pronte per lo spaccio: i dettagli del blitz della Polizia,Group 1,Marinella,1,4,-1,2,4,4,1,1,2,2,1,-1,1,-1,-1,-1,-1,-1,-1,-1,-1,-1,-1,-1,-1,-1,-1,-1,-1,-1,-1,-1,Eroina e cocaina da San Severo a Campodipietra pronte per lo spaccio: i dettagli del blitz della Polizia,Group 1,Manuel,1,4,-1,2,4,4,1,1,2,2,1,-1,1,-1,-1,-1,-1,-1,-1,-1,-1,-1,-1,-1,-1,-1,-1,-1,-1,-1,-1,-1
73,59f724d8-d6f5-43dd-99d2-c706cd5ff61d,Francia| ucciso l’aggressore della poliziotta: era radicalizzato. La rabbia di Marine Le Pen,Group 2,Marinella,1,3,-1,1,3,3,2,3,2,2,1,-1,1,-1,-1,-1,-1,-1,-1,-1,-1,-1,-1,-1,1,-1,1,-1,-1,-1,-1,-1,Francia| ucciso l’aggressore della poliziotta: era radicalizzato. La rabbia di Marine Le Pen,Group 2,Manuel,1,4,-1,2,3,3,2,3,2,2,1,-1,1,-1,-1,-1,-1,-1,-1,-1,-1,-1,-1,-1,-1,-1,1,-1,-1,-1,1,-1
74,de5fa1c9-f706-4b97-96e0-fc1838c07622,Chiara Ferragni| la sorella Valentina lancia i bracciali dell'estate: fan delusi,Group 2,Marinella,5,3,-1,1,4,4,1,1,2,2,1,-1,1,-1,-1,-1,-1,-1,-1,-1,-1,-1,-1,-1,-1,-1,-1,-1,-1,-1,-1,-1,Chiara Ferragni| la sorella Valentina lancia i bracciali dell'estate: fan delusi,Group 2,Manuel,5,2,-1,1,3,3,1,1,2,2,1,-1,1,-1,-1,-1,-1,-1,-1,-1,-1,-1,-1,-1,-1,-1,-1,-1,-1,-1,-1,-1
75,584acaaf-fa1c-4ac0-ab29-4862b214ba95,ARRESTATO MEDICO ONCOLOGO A BARI : 130MILA EURO ESTORTI AD UN MALATO DI CANCRO PER SOMMINISTARGLI GRATIS DEI MEDICINALI,Group 2,Marinella,3,3,-1,2,3,2,2,1,2,1,-1,-1,1,-1,-1,-1,-1,-1,-1,-1,-1,-1,-1,-1,-1,-1,-1,-1,-1,-1,-1,1,ARRESTATO MEDICO ONCOLOGO A BARI : 130MILA EURO ESTORTI AD UN MALATO DI CANCRO PER SOMMINISTARGLI GRATIS DEI MEDICINALI,Group 2,Manuel,3,3,-1,2,3,2,2,1,2,2,1,-1,1,-1,1,-1,-1,-1,-1,-1,-1,-1,-1,-1,-1,-1,-1,-1,-1,-1,-1,1
76,55d744cd-36c6-4747-b055-981c9aba3fae,Catania| ruba macchinari e alcolici da un bar in aeroporto: denunciato,Group 2,Marinella,1,4,-1,1,4,4,1,1,1,1,1,-1,1,-1,-1,-1,-1,-1,-1,-1,-1,-1,-1,-1,-1,-1,-1,-1,-1,-1,-1,-1,Catania| ruba macchinari e alcolici da un bar in aeroporto: denunciato,Group 2,Manuel,1,4,-1,2,3,4,1,1,1,1,-1,-1,1,-1,-1,-1,-1,-1,-1,-1,-1,-1,-1,-1,-1,-1,-1,-1,-1,-1,-1,-1
77,5a003463-0851-41e8-bd85-5327d86125cd,"Saman Abbas a Quarto Grado| la denuncia contro il padre prima di sparire: ""I miei documenti chiusi a chiave nell'armadio""",Group 1,Marinella,1,4,2,2,4,3,1,1,2,1,1,-1,1,1,-1,-1,-1,-1,-1,-1,-1,-1,-1,-1,-1,-1,-1,-1,-1,-1,-1,-1,"Saman Abbas a Quarto Grado| la denuncia contro il padre prima di sparire: ""I miei documenti chiusi a chiave nell'armadio""",Group 1,Manuel,1,4,2,2,4,4,1,1,2,1,1,-1,1,1,-1,-1,-1,-1,-1,-1,-1,-1,-1,-1,-1,-1,-1,-1,-1,-1,-1,-1
78,b70d6d51-ef24-4bec-8d1a-593e9c11bfb5,Roma| Casapound contro gli Azzurri in ginocchio: murale in stile fascista|«Resta in piedi| Italia»,Group 2,Marinella,1,4,2,2,2,2,1,3,2,2,1,-1,1,1,-1,-1,-1,-1,1,-1,-1,-1,-1,-1,-1,-1,-1,-1,-1,-1,-1,-1,Roma| Casapound contro gli Azzurri in ginocchio: murale in stile fascista|«Resta in piedi| Italia»,Group 2,Manuel,1,4,2,2,2,2,1,3,2,2,1,-1,1,1,-1,-1,-1,-1,1,-1,-1,-1,-1,-1,-1,-1,-1,-1,-1,-1,-1,-1
79,127212ca-e3bb-4563-a878-e89052565e05,In pandemia cresce uso omeopatia| +25%,Group 2,Marinella,1,3,-1,1,3,4,1,3,1,1,-1,-1,-1,-1,-1,-1,-1,-1,-1,-1,-1,-1,-1,-1,-1,-1,-1,-1,-1,-1,-1,-1,In pandemia cresce uso omeopatia| +25%,Group 2,Manuel,1,3,-1,2,4,4,1,2,2,1,-1,-1,-1,-1,-1,-1,-1,-1,-1,-1,-1,-1,-1,-1,-1,-1,-1,-1,-1,-1,-1,-1
80,4acd6999-2234-43dc-ab84-53f021925268,Appiano Gentile| denunciato per scritte omofobe e naziste su un muro,Group 2,Marinella,1,4,-1,2,4,4,1,3,2,2,1,-1,-1,-1,-1,-1,-1,-1,-1,-1,-1,-1,-1,-1,-1,-1,-1,-1,-1,-1,-1,-1,Appiano Gentile| denunciato per scritte omofobe e naziste su un muro,Group 2,Manuel,1,4,-1,2,4,4,1,1,2,2,1,-1,-1,-1,-1,-1,-1,-1,-1,-1,-1,-1,-1,-1,-1,-1,-1,-1,-1,-1,-1,-1
81,a7053238-0032-4558-a5f9-718d1e92f94e,"Dritto e rovescio| Saman Abbas e l'orrore segreto. Parla il fidanzato: ""Sarei morto anche io""",Group 2,Marinella,1,3,2,1,3,2,1,1,2,2,1,-1,1,1,-1,-1,-1,-1,1,-1,-1,-1,-1,-1,-1,-1,-1,-1,-1,-1,-1,-1,"Dritto e rovescio| Saman Abbas e l'orrore segreto. Parla il fidanzato: ""Sarei morto anche io""",Group 2,Manuel,1,4,-1,2,4,3,1,1,2,2,1,-1,1,1,-1,-1,-1,-1,-1,-1,-1,-1,-1,-1,-1,-1,-1,-1,-1,-1,-1,-1
82,445120e1-6bf1-4ddf-9177-2b36cfa7e3f9,“È mia figlia”| il dolore della madre che ha riconosciuto la giovane tra i morti del naufragio di fine giugno,Group 1,Marinella,1,2,2,2,3,2,2,3,2,2,-1,-1,1,1,-1,-1,-1,-1,1,-1,-1,-1,-1,-1,-1,-1,-1,-1,-1,-1,1,-1,“È mia figlia”| il dolore della madre che ha riconosciuto la giovane tra i morti del naufragio di fine giugno,Group 1,Manuel,1,2,2,2,3,2,2,3,2,2,-1,-1,-1,1,-1,-1,-1,-1,1,-1,-1,-1,-1,-1,-1,-1,-1,-1,-1,-1,1,-1
83,1e2ab02b-b251-4c6e-96c5-38b346dfecbd,Commissione d'indagine su Serinper| il presidente del consiglio comunale è d'accordo,Group 1,Marinella,3,4,-1,2,4,4,1,3,1,2,-1,-1,-1,-1,-1,-1,-1,-1,-1,-1,-1,-1,-1,-1,-1,-1,-1,-1,-1,-1,-1,-1,Commissione d'indagine su Serinper| il presidente del consiglio comunale è d'accordo,Group 1,Manuel,3,3,-1,2,4,4,1,3,1,2,-1,-1,-1,-1,-1,-1,-1,-1,-1,-1,-1,-1,-1,-1,-1,-1,-1,-1,-1,-1,-1,-1
84,1a1abfdb-95b6-4981-9f5c-390955e66afe,"Vanoni| Colapesce e Dimartino| ecco ""Toy Boy"" il tormentone-samba dell'estate 2021",Group 1,Marinella,1,4,-1,1,4,4,1,3,2,2,1,-1,-1,-1,-1,-1,-1,-1,-1,-1,-1,-1,-1,-1,-1,-1,-1,-1,-1,-1,-1,-1,"Vanoni| Colapesce e Dimartino| ecco ""Toy Boy"" il tormentone-samba dell'estate 2021",Group 1,Manuel,5,3,-1,1,3,3,1,3,2,1,1,-1,-1,-1,-1,-1,-1,-1,-1,-1,-1,-1,-1,-1,-1,-1,-1,-1,-1,-1,-1,-1
85,267c1505-8db0-4b7b-a46b-315a3236c342,A diciotto anni si mettono in fila: i figli dei no-Vax chiedono il vaccino,Group 2,Marinella,1,3,-1,2,3,4,1,3,1,2,-1,-1,1,-1,-1,-1,-1,-1,-1,-1,-1,-1,-1,-1,-1,-1,-1,-1,-1,-1,-1,-1,A diciotto anni si mettono in fila: i figli dei no-Vax chiedono il vaccino,Group 2,Manuel,1,3,-1,2,4,4,1,3,1,2,-1,-1,1,-1,-1,-1,-1,-1,-1,-1,-1,-1,-1,-1,-1,-1,-1,-1,-1,-1,-1,-1
86,63b90921-c98d-48e4-b0a1-a1c9531c4e6a,Papa Francesco ricoverato in ospedale: sarà operato al colon,Group 1,Marinella,1,4,-1,1,4,4,1,1,2,2,1,-1,1,-1,-1,-1,-1,-1,-1,-1,-1,-1,-1,-1,-1,-1,-1,-1,-1,-1,-1,-1,Papa Francesco ricoverato in ospedale: sarà operato al colon,Group 1,Manuel,1,4,-1,2,4,4,1,1,2,2,1,-1,1,-1,-1,-1,-1,-1,-1,-1,-1,-1,-1,-1,-1,-1,-1,-1,-1,-1,-1,-1
87,151605d6-e5d5-4d18-b7fa-9e19cbcbf5f3,Il rave party va avanti| schierati oltre 100 agenti: identificate 200 persone su seimila,Group 1,Marinella,1,3,-1,2,4,4,1,1,2,2,-1,-1,1,-1,-1,-1,-1,-1,-1,-1,-1,-1,-1,-1,-1,-1,-1,-1,-1,-1,-1,-1,Il rave party va avanti| schierati oltre 100 agenti: identificate 200 persone su seimila,Group 1,Manuel,1,3,-1,2,3,4,1,1,2,2,-1,-1,1,-1,-1,-1,-1,-1,-1,-1,-1,-1,-1,-1,-1,-1,-1,-1,-1,-1,-1,-1
88,bb289c59-e569-4da3-b2d7-0d6be6c88265,Covid| 480 contagi e 31 morti. L’allarme di Israele: «Pfizer protegge dalla variante Delta solo al 64%»,Group 1,Marinella,1,3,1,2,4,4,1,3,2,2,1,-1,1,1,-1,-1,-1,-1,-1,-1,-1,-1,-1,-1,-1,-1,-1,-1,-1,-1,-1,-1,Covid| 480 contagi e 31 morti. L’allarme di Israele: «Pfizer protegge dalla variante Delta solo al 64%»,Group 1,Manuel,1,3,1,2,4,4,1,3,2,2,1,-1,1,1,-1,-1,-1,-1,-1,-1,-1,-1,-1,-1,-1,-1,-1,-1,-1,-1,-1,-1
89,a0fd77d4-a1e6-4881-ad83-4a9c7a3bf32c,Inghilterra| dal 19 luglio via tutte le restrizioni: addio mascherine (anche al chiuso) e distanziamenti,Group 2,Marinella,1,4,-1,1,4,4,1,1,2,2,1,-1,1,-1,-1,-1,-1,-1,-1,-1,-1,-1,-1,-1,-1,-1,-1,-1,-1,-1,-1,-1,Inghilterra| dal 19 luglio via tutte le restrizioni: addio mascherine (anche al chiuso) e distanziamenti,Group 2,Manuel,1,4,-1,1,4,3,1,1,2,1,1,-1,1,-1,-1,-1,-1,-1,-1,-1,-1,-1,-1,-1,-1,-1,-1,-1,-1,-1,-1,-1
90,f964e254-d60e-4509-9a03-b62d8b5f2568,Covid| fake news di Montesano: «Il sangue dei vaccinati viene buttato via». La smentita del Cns: «Grave falsità| donare salva le vite»,Group 2,Marinella,1,4,1,1,3,3,2,1,1,2,1,-1,1,1,-1,-1,-1,-1,1,-1,-1,-1,-1,-1,-1,-1,-1,-1,-1,-1,1,-1,Covid| fake news di Montesano: «Il sangue dei vaccinati viene buttato via». La smentita del Cns: «Grave falsità| donare salva le vite»,Group 2,Manuel,1,4,2,2,4,4,1,3,1,2,1,-1,1,1,-1,-1,-1,-1,-1,-1,-1,-1,-1,-1,-1,-1,-1,-1,-1,-1,-1,-1
91,712b46c0-ea5f-41d3-94fd-f78889ce79c4,La svolta sbagliata di Google Maps contro il cambiamento climatico,Group 2,Marinella,2,3,-1,1,3,3,2,3,1,1,1,-1,-1,-1,-1,-1,-1,-1,-1,-1,-1,-1,-1,-1,-1,-1,-1,-1,-1,-1,-1,1,La svolta sbagliata di Google Maps contro il cambiamento climatico,Group 2,Manuel,2,3,-1,1,3,3,2,3,1,1,1,-1,-1,-1,-1,-1,-1,-1,-1,-1,-1,-1,-1,-1,-1,-1,-1,-1,-1,-1,-1,1
92,3c2e2f67-fdc7-42b9-9562-0bb3c0f37f2f,Covid Italia 6 luglio: 907 nuovi casi e 24 morti,Group 2,Marinella,1,2,-1,1,4,4,1,1,2,2,1,-1,1,-1,-1,-1,-1,-1,-1,-1,-1,-1,-1,-1,-1,-1,-1,-1,-1,-1,-1,-1,Covid Italia 6 luglio: 907 nuovi casi e 24 morti,Group 2,Manuel,1,4,-1,2,4,4,1,1,2,2,1,-1,1,-1,-1,-1,-1,-1,-1,-1,-1,-1,-1,-1,-1,-1,-1,-1,-1,-1,-1,-1
93,d73018e2-5184-43b7-ba01-e82378666dab,"In Fvg trovata la variante Delta in 25 dei 96 campioni analizzati. Riccardi: “Vaccinarsi è fondamentale""",Group 2,Marinella,1,3,1,1,4,4,1,1,1,2,1,-1,1,1,-1,-1,-1,-1,-1,-1,-1,-1,-1,-1,-1,-1,-1,-1,-1,-1,-1,-1,"In Fvg trovata la variante Delta in 25 dei 96 campioni analizzati. Riccardi: “Vaccinarsi è fondamentale""",Group 2,Manuel,1,3,1,1,4,4,1,1,2,2,1,-1,1,1,-1,-1,-1,-1,-1,-1,-1,-1,-1,-1,-1,-1,-1,-1,-1,-1,-1,-1
94,b59b7f92-329c-4002-a7bf-c2ebce4bde2f,"Morta Raffaella Carrà| manifesti funebri all'Argentario| ""Era una di noi""",Group 1,Marinella,1,4,2,1,4,3,1,1,2,2,1,-1,-1,1,-1,-1,-1,-1,-1,-1,-1,-1,-1,-1,-1,-1,-1,-1,-1,-1,-1,-1,"Morta Raffaella Carrà| manifesti funebri all'Argentario| ""Era una di noi""",Group 1,Manuel,1,4,2,2,4,4,1,1,2,2,1,-1,1,1,-1,-1,-1,-1,-1,-1,-1,-1,-1,-1,-1,-1,-1,-1,-1,-1,-1,-1
95,70f25ccb-11ca-458e-8d4c-998264097691,"Locali da ballo| la protesta dei titolari: ""Vogliamo riaprire| dateci una data certa""",Group 1,Marinella,1,4,1,1,4,4,1,1,2,2,-1,-1,1,1,-1,-1,-1,-1,-1,-1,-1,-1,-1,-1,-1,-1,-1,-1,-1,-1,-1,-1,"Locali da ballo| la protesta dei titolari: ""Vogliamo riaprire| dateci una data certa""",Group 1,Manuel,1,3,2,2,3,4,1,1,2,2,-1,-1,1,1,-1,-1,-1,-1,-1,-1,-1,-1,-1,-1,-1,-1,-1,-1,-1,-1,-1,-1
96,1d134854-568a-4590-86b1-64912b3c3e4d,Nuove aggressioni omofobe a Milano: calci e pugni in centro a una coppia di giovani,Group 2,Marinella,1,3,-1,2,4,4,2,3,2,2,1,-1,1,-1,-1,-1,-1,-1,-1,-1,-1,-1,-1,-1,-1,-1,-1,-1,-1,-1,-1,1,Nuove aggressioni omofobe a Milano: calci e pugni in centro a una coppia di giovani,Group 2,Manuel,1,4,-1,2,4,4,1,3,2,2,1,-1,1,-1,-1,-1,-1,-1,-1,-1,-1,-1,-1,-1,-1,-1,-1,-1,-1,-1,-1,-1
97,132835cc-8943-4601-bbfd-430e306dbd78,I timori di Draghi: «Non ripetiamo gli errori dell’estate»,Group 2,Marinella,1,3,1,1,4,4,1,1,1,2,1,-1,1,1,-1,-1,-1,-1,-1,-1,-1,-1,-1,-1,-1,-1,-1,-1,-1,-1,-1,-1,I timori di Draghi: «Non ripetiamo gli errori dell’estate»,Group 2,Manuel,1,3,1,1,4,4,1,1,1,2,1,-1,1,1,-1,-1,-1,-1,-1,-1,-1,-1,-1,-1,-1,-1,-1,-1,-1,-1,-1,-1
98,a7beb535-abf9-413b-901c-511699ea3b74,"Malika e la raccolta fondi| GoFundMe: ""Controlli rigorosi. La finalità era chiara""",Group 1,Marinella,1,3,1,2,4,4,1,2,1,1,1,-1,1,1,-1,-1,-1,-1,-1,-1,-1,-1,-1,-1,-1,-1,-1,-1,-1,-1,-1,-1,"Malika e la raccolta fondi| GoFundMe: ""Controlli rigorosi. La finalità era chiara""",Group 1,Manuel,1,3,1,2,4,4,1,1,1,2,1,-1,1,1,-1,-1,-1,-1,-1,-1,-1,-1,-1,-1,-1,-1,-1,-1,-1,-1,-1,-1
99,ba2cea63-3765-4768-9143-6d3587b0ac9e,L’incubo Delta: «Un caso di Covid su quattro è di variante indiana»,Group 2,Marinella,1,2,1,1,4,4,1,3,2,2,1,-1,1,1,-1,-1,-1,-1,1,-1,-1,-1,-1,-1,-1,-1,-1,-1,-1,-1,-1,-1,L’incubo Delta: «Un caso di Covid su quattro è di variante indiana»,Group 2,Manuel,1,3,1,1,4,4,1,3,2,2,1,-1,1,1,-1,-1,-1,-1,1,-1,-1,-1,-1,-1,-1,-1,-1,-1,-1,-1,-1,-1
100,384307de-ed33-426f-8131-76cc518ac9a8,Papa Francesco rimarrà in ospedale almeno una settimana dopo un intervento chirurgico al colon| dice il Vaticano,Group 1,Marinella,1,4,-1,1,4,4,1,3,2,2,1,-1,-1,-1,-1,-1,-1,-1,-1,-1,-1,-1,-1,-1,-1,-1,-1,-1,-1,-1,-1,-1,Papa Francesco rimarrà in ospedale almeno una settimana dopo un intervento chirurgico al colon| dice il Vaticano,Group 1,Manuel,1,3,-1,1,3,4,1,1,2,2,1,-1,-1,-1,-1,-1,-1,-1,-1,-1,-1,-1,-1,-1,-1,-1,-1,-1,-1,-1,-1,-1
101,3a9f1038-4ce3-477a-a115-3afbc143ece6,Covid| 808 casi e 12 morti. Gelmini: troppi sessantenni non vaccinati| andiamoli a trovare a casa,Group 1,Marinella,1,3,-1,1,4,3,1,1,2,2,1,-1,1,-1,-1,-1,-1,-1,-1,-1,-1,-1,-1,-1,-1,-1,-1,-1,-1,-1,-1,-1,Covid| 808 casi e 12 morti. Gelmini: troppi sessantenni non vaccinati| andiamoli a trovare a casa,Group 1,Manuel,1,3,-1,1,4,4,1,1,2,2,1,-1,1,-1,-1,-1,-1,-1,-1,-1,-1,-1,-1,-1,-1,-1,-1,-1,-1,-1,-1,-1
102,895a5931-8b45-4bcb-a432-09a37c766b52,Covid| Gimbe su over 60: “Anticipare la seconda dose e puntare sui vaccini a Rna messaggero per le prime somministrazioni”,Group 2,Marinella,3,3,1,1,4,4,1,2,2,2,1,-1,1,1,-1,-1,-1,-1,-1,-1,-1,-1,-1,-1,-1,-1,-1,-1,-1,-1,-1,-1,Covid| Gimbe su over 60: “Anticipare la seconda dose e puntare sui vaccini a Rna messaggero per le prime somministrazioni”,Group 2,Manuel,1,3,1,1,4,4,1,2,2,2,1,-1,1,1,-1,-1,-1,-1,-1,-1,-1,-1,-1,-1,-1,-1,-1,-1,-1,-1,-1,-1
103,9c48d9ed-2b25-4701-8f88-1ff73ad25629,La variante Delta preoccupa il Regno Unito. E l'Italia?,Group 1,Marinella,1,4,-1,1,4,4,1,2,2,2,1,1,-1,-1,-1,-1,-1,-1,-1,-1,-1,-1,-1,-1,-1,-1,-1,-1,-1,-1,-1,-1,La variante Delta preoccupa il Regno Unito. E l'Italia?,Group 1,Manuel,3,3,1,2,4,4,1,1,2,2,1,-1,-1,-1,-1,-1,-1,-1,-1,-1,-1,-1,-1,-1,-1,-1,-1,-1,-1,-1,-1,-1
104,cb1f712a-ff8a-417e-994f-2f9e51673dd1,Presa a calci e trascinata per i capelli| divieto di avvicinamento per l'ex marito,Group 2,Marinella,1,4,-1,2,4,4,2,1,2,2,-1,-1,-1,-1,-1,-1,-1,-1,-1,-1,-1,-1,-1,-1,-1,-1,-1,-1,-1,-1,-1,1,Presa a calci e trascinata per i capelli| divieto di avvicinamento per l'ex marito,Group 2,Manuel,1,4,-1,2,4,4,1,1,2,2,-1,-1,-1,-1,-1,-1,-1,-1,-1,-1,-1,-1,-1,-1,-1,-1,-1,-1,-1,-1,-1,-1
105,f3e8082e-a2dd-4f93-9023-efd0a5a8f001,"Vaccino| generale Figliuolo durissimo contro le Regioni: ""Le dosi ci sono| 500mila somministrazioni al giorno. Viaggiare spediti""",Group 1,Marinella,1,2,1,1,3,4,1,1,2,2,1,-1,1,1,-1,-1,-1,-1,-1,-1,-1,-1,-1,-1,-1,-1,-1,-1,-1,-1,-1,-1,"Vaccino| generale Figliuolo durissimo contro le Regioni: ""Le dosi ci sono| 500mila somministrazioni al giorno. Viaggiare spediti""",Group 1,Manuel,1,3,2,1,4,3,1,1,2,1,1,-1,1,1,-1,-1,-1,-1,1,-1,-1,-1,-1,-1,-1,-1,-1,-1,-1,-1,-1,-1
106,29280252-ccea-49c1-8ee1-aa7a5d970be3,Uccisa a martellate in casa a Livorno| in carcere per l'omicidio l'ex marito: «Progettava la fuga»,Group 1,Marinella,1,4,1,2,4,4,1,3,2,2,1,-1,1,1,-1,-1,-1,-1,-1,-1,-1,-1,-1,-1,-1,-1,-1,-1,-1,-1,-1,-1,Uccisa a martellate in casa a Livorno| in carcere per l'omicidio l'ex marito: «Progettava la fuga»,Group 1,Manuel,1,4,1,2,4,4,1,3,2,2,1,-1,1,1,-1,-1,-1,-1,-1,-1,-1,-1,-1,-1,-1,-1,-1,-1,-1,-1,-1,-1
107,ac830c44-746a-4868-adc6-ad99ad208112,Covid| il grido dei parenti delle vittime a Bergamo a Roma: “La politica deve pagare”,Group 1,Marinella,1,4,1,1,3,3,2,3,2,2,1,-1,1,1,-1,-1,-1,-1,1,-1,-1,-1,-1,-1,-1,-1,-1,-1,-1,-1,1,-1,Covid| il grido dei parenti delle vittime a Bergamo a Roma: “La politica deve pagare”,Group 1,Manuel,1,4,-1,1,4,4,1,3,2,2,1,-1,1,-1,-1,-1,-1,-1,-1,-1,-1,-1,-1,-1,-1,-1,-1,-1,-1,-1,-1,-1
108,63bc8574-66ef-4d3f-8272-c798fc17256d,Ripartire con il Green pass,Group 1,Marinella,1,4,-1,2,4,4,1,3,2,1,-1,-1,-1,-1,-1,-1,-1,-1,-1,-1,-1,-1,-1,-1,-1,-1,-1,-1,-1,-1,-1,-1,Ripartire con il Green pass,Group 1,Manuel,1,3,-1,2,4,4,1,3,2,1,-1,-1,-1,-1,-1,-1,-1,-1,-1,-1,-1,-1,-1,-1,-1,-1,-1,-1,-1,-1,-1,-1
109,6ede1205-d74f-4bb1-8c37-15fc5b4738ac,Il degrado di Milano oltre i limiti di guardia,Group 1,Marinella,2,4,-1,1,2,3,2,3,1,1,1,-1,-1,-1,-1,-1,-1,-1,-1,-1,-1,1,-1,-1,-1,-1,-1,-1,-1,-1,-1,-1,Il degrado di Milano oltre i limiti di guardia,Group 1,Manuel,2,3,-1,1,2,3,2,3,1,1,1,-1,-1,-1,-1,-1,-1,-1,-1,-1,-1,1,-1,-1,-1,-1,-1,-1,-1,-1,-1,-1
110,0dc73a1c-4c03-4b2f-8344-f3c898900c01,Habemus Papam,Group 1,Marinella,2,2,-1,1,2,3,2,3,2,2,-1,-1,-1,-1,-1,-1,-1,-1,1,-1,-1,1,1,1,-1,-1,-1,-1,-1,-1,-1,-1,Habemus Papam,Group 1,Manuel,2,2,-1,1,2,2,2,3,2,2,-1,-1,-1,-1,-1,-1,-1,-1,1,-1,-1,1,1,1,-1,-1,-1,-1,-1,-1,-1,1
111,2e46bc4c-a4bb-4d18-ab2b-94dc738db629,I chiusuristi tifano per l’emergenza continua,Group 2,Marinella,3,2,-1,1,2,3,2,3,2,2,-1,-1,-1,-1,-1,-1,-1,-1,1,-1,-1,-1,-1,-1,-1,-1,-1,-1,-1,-1,1,-1,I chiusuristi tifano per l’emergenza continua,Group 2,Manuel,3,2,-1,1,2,3,2,3,2,2,-1,-1,-1,-1,-1,-1,-1,-1,1,-1,-1,-1,-1,-1,-1,-1,-1,-1,-1,-1,1,-1
